"route_pattern","page_file","direct_imports","api_refs","action_imports","scan_status"
"/","app/page.js","@/lib/i18n; @/lib/metadata","","","static_import_scan"
"/admin/analytics","app/admin/analytics/page.jsx","@/auth; @/lib/i18n/serverMessages; @/lib/i18n; @/lib/localizePath; ./AdminAnalyticsClient; @/components/admin/rag/ragAdminShellStyles","","@/lib/i18n/serverMessages","static_import_scan"
"/admin/framework-acceptances","app/admin/framework-acceptances/page.jsx","@/auth; @/lib/i18n; @/lib/i18n/serverMessages; @/lib/localizePath; ./AdminFrameworkAcceptancesClient","","@/lib/i18n/serverMessages","static_import_scan"
"/admin/mentorlus","app/admin/mentorlus/page.jsx","@/auth; @/lib/i18n; @/lib/localizePath; @/components/mentoring/AdminMentoringPage","","","static_import_scan"
"/admin/rag","app/admin/rag/page.jsx","@/lib/i18n/serverMessages; @/components/admin/rag/RagAdminLandingWorkspace; ./pageHelpers","","@/lib/i18n/serverMessages","static_import_scan"
"/admin/rag/documents","app/admin/rag/documents/page.jsx","@/lib/i18n/serverMessages; @/components/admin/rag/RagAdminDocumentsScreen; @/components/admin/rag/RagAdminPageFrame; @/components/admin/rag/ragAdminCopy; ../pageHelpers","","@/lib/i18n/serverMessages","static_import_scan"
"/admin/rag/ingest","app/admin/rag/ingest/page.jsx","@/lib/i18n/serverMessages; @/components/admin/rag/RagAdminIngestScreen; @/components/admin/rag/RagAdminPageFrame; @/components/admin/rag/ragAdminCopy; ../pageHelpers","","@/lib/i18n/serverMessages","static_import_scan"
"/admin/rag/kov","app/admin/rag/kov/page.jsx","@/lib/i18n/serverMessages; @/components/admin/rag/RagAdminKovView; @/components/admin/rag/RagAdminPageFrame; @/components/admin/rag/ragAdminCopy; @/lib/admin/rag/kov/service; ../pageHelpers","","@/lib/i18n/serverMessages","static_import_scan"
"/admin/rag/organizations","app/admin/rag/organizations/page.jsx","@/lib/i18n/serverMessages; @/components/admin/rag/RagAdminOrganizationsView; @/components/admin/rag/RagAdminPageFrame; @/components/admin/rag/ragAdminCopy; @/lib/admin/rag/organizations/service; ../pageHelpers","","@/lib/i18n/serverMessages","static_import_scan"
"/admin/rag/source-feedback","app/admin/rag/source-feedback/page.jsx","@/components/admin/rag/RagAdminPageFrame; @/components/admin/rag/RagAdminSourceFeedbackScreen; @/components/admin/rag/ragAdminCopy; ../pageHelpers","","","static_import_scan"
"/admin/rag/source-packages","app/admin/rag/source-packages/page.jsx","@/lib/i18n/serverMessages; @/components/admin/rag/RagAdminPageFrame; @/components/admin/rag/RagAdminSourcePackagesScreen; @/components/admin/rag/ragAdminCopy; ../pageHelpers","","@/lib/i18n/serverMessages","static_import_scan"
"/admin/service-availability","app/admin/service-availability/page.jsx","@/auth; @/components/admin/rag/ragAdminShellStyles; @/lib/i18n; @/lib/localizePath; ./AdminServiceAvailabilityClient","","","static_import_scan"
"/admin/urgent-desks","app/admin/urgent-desks/page.jsx","@/auth; @/components/admin/rag/ragAdminShellStyles; @/lib/i18n; @/lib/localizePath; ./AdminUrgentDesksClient","","","static_import_scan"
"/admin/wellbeing","app/admin/wellbeing/page.jsx","@/auth; @/components/admin/rag/ragAdminShellStyles; @/lib/i18n; @/lib/localizePath; ./AdminWellbeingClient","","","static_import_scan"
"/autorilt","app/autorilt/page.jsx","@/components/alalehed/AutoriltBody; @/lib/i18n; @/lib/metadata","","","static_import_scan"
"/documents","app/documents/page.js","@/auth; @/components/documents/DocumentsPage; @/components/ui/SubscriptionReadOnlyBanner; @/lib/authz; @/lib/i18n; @/lib/metadata; @/lib/localizePath","","","static_import_scan"
"/documents/artifacts/:id","app/documents/artifacts/[id]/page.js","@/auth; @/components/documents/ArtifactDetailPage; @/components/ui/SubscriptionReadOnlyBanner; @/lib/authz; @/lib/i18n; @/lib/localizePath; @/lib/metadata","","","static_import_scan"
"/dokreziim","app/dokreziim/page.js","@/auth; @/components/agent/AgentModePage; @/components/ui/SubscriptionReadOnlyBanner; @/lib/authz; @/lib/i18n; @/lib/localizePath; @/lib/metadata","","","static_import_scan"
"/eelpoordumised","app/eelpoordumised/page.jsx","@/components/workspace/WorkspaceFeaturePage; @/lib/i18n; @/lib/metadata","","","static_import_scan"
"/hinnastus","app/hinnastus/page.jsx","@/components/alalehed/HinnastusBody; @/lib/i18n; @/lib/metadata","","","static_import_scan"
"/join","app/join/page.jsx","@/components/i18n/I18nProvider; @/components/ui/Button; @/components/ui/Input; @/components/ui/Form; @/components/LoginModal; @/lib/localizePath; @/lib/routeTransition; @/lib/i18n/resolveApiMessage; ./join.module.css","/api/invites/pending","","static_import_scan"
"/juhtumid","app/juhtumid/page.jsx","@/components/casework/CaseWorkShell; @/lib/casework/flags; @/lib/i18n; @/lib/metadata","","","static_import_scan"
"/kasutusjuhend","app/kasutusjuhend/page.jsx","@/components/alalehed/KasutusjuhendBody; @/lib/i18n; @/lib/metadata","","","static_import_scan"
"/kasutustingimused","app/kasutustingimused/page.js","@/components/alalehed/KasutustingimusedBody; @/lib/i18n; @/lib/metadata","","","static_import_scan"
"/kiireloomuline-abi","app/kiireloomuline-abi/page.jsx","@/components/urgent/UrgentRequestForm; @/lib/i18n; @/lib/metadata","","","static_import_scan"
"/kovisioon","app/kovisioon/page.jsx","@/auth; @/components/covision/CovisionPage; @/lib/covision; @/lib/i18n; @/lib/localizePath; @/lib/metadata","","","static_import_scan"
"/logo-eksport","app/logo-eksport/page.jsx","@/components/brand/LogoExportStage; @/lib/i18n","","","static_import_scan"
"/lopetatud-juhtumid","app/lopetatud-juhtumid/page.jsx","@/auth; @/components/covision/CompletedCasesPage; @/lib/covision; @/lib/i18n; @/lib/localizePath; @/lib/metadata","","","static_import_scan"
"/materjalid","app/materjalid/page.js","@/components/materials/MaterialsPage; @/lib/i18n; @/lib/metadata","","","static_import_scan"
"/meist","app/meist/page.jsx","@/components/alalehed/MeistBody; @/lib/i18n; @/lib/metadata","","","static_import_scan"
"/mentorlus","app/mentorlus/page.jsx","@/components/mentoring/MentoringHomePage; @/lib/i18n; @/lib/metadata","","","static_import_scan"
"/mentorlus/mentor/:profileId","app/mentorlus/mentor/[profileId]/page.jsx","@/components/mentoring/MentorProfilePublicPage; @/lib/i18n; @/lib/metadata","","","static_import_scan"
"/mentorlus/profiil","app/mentorlus/profiil/page.jsx","@/components/mentoring/MyMentorProfilePage; @/lib/i18n; @/lib/metadata","","","static_import_scan"
"/mentorlus/suhe/:relationId","app/mentorlus/suhe/[relationId]/page.jsx","@/components/mentoring/MentoringRelationPage; @/lib/i18n; @/lib/metadata","","","static_import_scan"
"/minu-jagamised","app/minu-jagamised/page.jsx","@/components/sharings/MySharingsPage; @/lib/i18n; @/lib/metadata","","","static_import_scan"
"/org","app/org/page.jsx","@/lib/org/organizations; @/lib/org/inviteService; @/lib/org/flags; ./OrgHomeClient; ./_serverContext","","./_serverContext","static_import_scan"
"/org/:orgId","app/org/[orgId]/page.jsx","@/components/org/OrgOverviewClient; ../_serverContext","","../_serverContext","static_import_scan"
"/org/:orgId/aruanded","app/org/[orgId]/aruanded/page.jsx","@/components/org/OrgServiceReportsClient; @/lib/serviceLog/flags; @/lib/serviceLog/reportShare; ../../_serverContext","","../../_serverContext","static_import_scan"
"/org/:orgId/arveldus","app/org/[orgId]/arveldus/page.jsx","@/components/org/OrgFundingClient; @/lib/org/flags; @/lib/org/members; @/lib/org/seats; @/lib/org/sponsorship; ../../_serverContext","","../../_serverContext","static_import_scan"
"/org/:orgId/audit","app/org/[orgId]/audit/page.jsx","@/components/org/OrgAuditClient; @/lib/org/audit; ../../_serverContext","","../../_serverContext","static_import_scan"
"/org/:orgId/eksport","app/org/[orgId]/eksport/page.jsx","@/components/org/OrgExportClient; ../../_serverContext","","../../_serverContext","static_import_scan"
"/org/:orgId/graafik","app/org/[orgId]/graafik/page.jsx","@/components/org/OrgDispatchBoard; @/lib/serviceLog/dispatchBoard; @/lib/serviceLog/dispatchAssign; @/lib/serviceLog/flags; ../../_serverContext","","../../_serverContext","static_import_scan"
"/org/:orgId/kutsed","app/org/[orgId]/kutsed/page.jsx","@/components/org/OrgInvitesClient; @/lib/org/inviteService; @/lib/org/structure; ../../_serverContext","","../../_serverContext","static_import_scan"
"/org/:orgId/liikmed","app/org/[orgId]/liikmed/page.jsx","@/components/org/OrgMembersClient; @/lib/org/members; @/lib/org/structure; ../../_serverContext","","../../_serverContext","static_import_scan"
"/org/:orgId/seaded","app/org/[orgId]/seaded/page.jsx","@/components/org/OrgSettingsClient; ../../_serverContext","","../../_serverContext","static_import_scan"
"/org/:orgId/struktuur","app/org/[orgId]/struktuur/page.jsx","@/components/org/OrgStructureClient; @/lib/org/structure; ../../_serverContext","","../../_serverContext","static_import_scan"
"/org/:orgId/teenusprofiil","app/org/[orgId]/teenusprofiil/page.jsx","@/lib/prisma; @/components/org/OrgProfileClient; @/lib/org/serviceProfile; ../../_serverContext","","../../_serverContext","static_import_scan"
"/org/:orgId/tugi","app/org/[orgId]/tugi/page.jsx","@/components/org/OrgSupportClient; @/lib/org/support; @/lib/org/supportShare; ../../_serverContext","","../../_serverContext","static_import_scan"
"/org/:orgId/vastuvott","app/org/[orgId]/vastuvott/page.jsx","@/components/org/OrgInboxClient; @/lib/org/flags; @/lib/org/inbox; @/lib/org/accessContext; ../../_serverContext","","../../_serverContext","static_import_scan"
"/org/:orgId/vastuvott/:itemId","app/org/[orgId]/vastuvott/[itemId]/page.jsx","@/components/org/OrgInboxItemClient; @/lib/org/accessContext; @/lib/org/flags; @/lib/org/inbox; @/lib/org/members; ../../../_serverContext","","../../../_serverContext","static_import_scan"
"/org/liitu","app/org/liitu/page.jsx","@/components/org/OrgJoinClient; ../_serverContext","/api/org/join","../_serverContext","static_import_scan"
"/org/toetus","app/org/toetus/page.jsx","@/components/org/OrgSponsorshipClient; @/lib/org/flags; ../_serverContext","","../_serverContext","static_import_scan"
"/org/vastuvott/:itemId","app/org/vastuvott/[itemId]/page.jsx","@/lib/prisma; @/lib/org/accessContext; @/lib/org/flags; @/lib/org/inbox; ../../_serverContext","","../../_serverContext","static_import_scan"
"/otsi","app/otsi/page.jsx","@/auth; @/components/search/PersonalSearchPage; @/lib/i18n; @/lib/localizePath","/api/auth/signin?callbackUrl=${encodeURIComponent(localizePath(","","static_import_scan"
"/parimad-praktikad","app/parimad-praktikad/page.jsx","@/auth; @/components/covision/EffectivePracticesPage; @/lib/covision; @/lib/i18n; @/lib/localizePath; @/lib/metadata","","","static_import_scan"
"/privaatsustingimused","app/privaatsustingimused/page.js","@/components/alalehed/PrivaatsusBody; @/lib/i18n; @/lib/metadata","","","static_import_scan"
"/profiil","app/profiil/page.js","@/lib/i18n; @/lib/metadata; @/components/alalehed/ProfiilBody","","","static_import_scan"
"/refleksioon","app/refleksioon/page.jsx","@/auth; @/components/reflection/ReflectionPage; @/components/ui/SubscriptionReadOnlyBanner; @/lib/authz; @/lib/i18n; @/lib/metadata","","","static_import_scan"
"/registreerimine","app/registreerimine/page.js","@/auth; @/components/pages/RegistreeriminePageClient; @/lib/i18n; @/lib/authz; @/lib/localizePath; @/lib/metadata; @/lib/publicRegistration","","","static_import_scan"
"/room/:roomId","app/room/[roomId]/page.jsx","@/lib/i18n; @/lib/localizePath","","","static_import_scan"
"/rooms","app/rooms/page.js","@/lib/i18n; @/lib/localizePath","","","static_import_scan"
"/ruum","app/ruum/page.js","@/lib/i18n; @/lib/metadata; @/components/rooms/RoomsPage","","","static_import_scan"
"/supervisioon","app/supervisioon/page.jsx","@/components/supervision/SupervisionHomePage; @/lib/i18n; @/lib/metadata","","","static_import_scan"
"/supervisioon/:id","app/supervisioon/[id]/page.jsx","@/components/supervision/SupervisionProcessPage; @/lib/i18n; @/lib/metadata","","","static_import_scan"
"/supervisioon/:id/jaga","app/supervisioon/[id]/jaga/page.jsx","@/components/supervision/SupervisionSharePage; @/lib/i18n; @/lib/metadata","","","static_import_scan"
"/supervisioon/:id/sulge","app/supervisioon/[id]/sulge/page.jsx","@/components/supervision/SupervisionClosePage; @/lib/i18n; @/lib/metadata","","","static_import_scan"
"/supervisioon/uus","app/supervisioon/uus/page.jsx","@/components/supervision/SupervisionCreatePage; @/lib/i18n; @/lib/metadata","","","static_import_scan"
"/supervisioon/valjundid","app/supervisioon/valjundid/page.jsx","@/components/supervision/SupervisionOutcomeListPage; @/lib/i18n; @/lib/metadata","","","static_import_scan"
"/supervisioon/valjundid/:outcomeId","app/supervisioon/valjundid/[outcomeId]/page.jsx","@/components/supervision/SupervisionOutcomePage; @/lib/i18n; @/lib/metadata","","","static_import_scan"
"/taasta-parool","app/taasta-parool/page.jsx","@/components/alalehed/UnustasinParooliBody; @/lib/i18n; @/lib/metadata","","","static_import_scan"
"/taasta-parool/:token","app/taasta-parool/[token]/page.jsx","@/lib/i18n; @/lib/metadata; ./ResetPasswordForm","","","static_import_scan"
"/teekond","app/teekond/page.jsx","@/components/journey/JourneyDashboard; @/lib/i18n; @/lib/metadata","","","static_import_scan"
"/teekond/:id","app/teekond/[id]/page.jsx","@/components/journey/JourneyDetail; @/lib/i18n; @/lib/metadata","","","static_import_scan"
"/teemaseemned","app/teemaseemned/page.jsx","@/auth; @/components/teemaseeme/TeemaseemnedPage; @/lib/covision; @/lib/i18n; @/lib/localizePath; @/lib/metadata","","","static_import_scan"
"/teenusekaart","app/teenusekaart/page.jsx","@/components/workspace/WorkspaceFeaturePage; @/lib/i18n; @/lib/metadata","","","static_import_scan"
"/teenuseprofiil","app/teenuseprofiil/page.jsx","@/components/workspace/WorkspaceFeaturePage; @/lib/i18n; @/lib/metadata","","","static_import_scan"
"/teenuspaevik","app/teenuspaevik/page.jsx","@/components/serviceLog/ServiceLogShell; @/lib/i18n; @/lib/metadata; @/lib/serviceLog/flags","","","static_import_scan"
"/tellimus","app/tellimus/page.js","@/components/alalehed/TellimusBody; @/lib/i18n; @/lib/metadata","","","static_import_scan"
"/toimetulekutoetus","app/toimetulekutoetus/page.jsx","@/components/benefits/SubsistenceCalculator; @/lib/i18n; @/lib/metadata","","","static_import_scan"
"/tooalase-kasutuse-raamistik","app/tooalase-kasutuse-raamistik/page.jsx","@/components/alalehed/TooalaseRaamistikuBody; @/lib/frameworkDocument; @/lib/i18n; @/lib/metadata","","","static_import_scan"
"/tooheaolu","app/tooheaolu/page.jsx","@/auth; @/components/ui/SubscriptionReadOnlyBanner; @/components/wellbeing/WellbeingPage; @/lib/authz; @/lib/i18n; @/lib/localizePath; @/lib/metadata; @/lib/wellbeingTools","","","static_import_scan"
"/tooheaolu/:tool","app/tooheaolu/[tool]/page.jsx","@/auth; @/components/ui/SubscriptionReadOnlyBanner; @/components/wellbeing/WellbeingPage; @/lib/authz; @/lib/i18n; @/lib/localizePath; @/lib/metadata; @/lib/wellbeingTools","","","static_import_scan"
"/tooheaolu/piloot","app/tooheaolu/piloot/page.jsx","@/auth; @/components/admin/rag/ragAdminShellStyles; @/lib/i18n; @/lib/localizePath; @/lib/wellbeing/pilotAccess; ./WellbeingPilotClient","","","static_import_scan"
"/toolaud","app/toolaud/page.jsx","@/lib/i18n; @/lib/metadata","","","static_import_scan"
"/toolaud/juhtumitoo","app/toolaud/juhtumitoo/page.jsx","@/components/casework/CaseWorkbenchShell; @/lib/casework/flags; @/lib/i18n; @/lib/metadata","","","static_import_scan"
"/toolaud/kiireloomuline-abi","app/toolaud/kiireloomuline-abi/page.jsx","@/auth; @/components/urgent/UrgentDeskView; @/lib/i18n; @/lib/localizePath","","","static_import_scan"
"/toolaud/kovisioon","app/toolaud/kovisioon/page.jsx","@/lib/i18n; @/lib/metadata","","","static_import_scan"
"/toolaud/tooheaolu","app/toolaud/tooheaolu/page.jsx","@/lib/i18n; @/lib/metadata","","","static_import_scan"
"/uuenda-epost","app/uuenda-epost/page.js","@/components/alalehed/UuendaEpostiBody; @/lib/i18n; @/lib/metadata","","","static_import_scan"
"/uuenda-pin","app/uuenda-pin/page.js","@/components/alalehed/UuendaPinBody; @/lib/i18n; @/lib/metadata","","","static_import_scan"
"/valitoo","app/valitoo/page.jsx","@/components/field/FieldShell; @/lib/i18n; @/lib/metadata","","","static_import_scan"
"/valitoo/:visitId","app/valitoo/[visitId]/page.jsx","@/components/field/FieldVisitRoom; @/lib/i18n; @/lib/metadata","","","static_import_scan"
"/vestlus","app/vestlus/page.js","@/lib/i18n; @/lib/metadata; @/components/alalehed/ChatBody; @/components/alalehed/ConversationDrawer; @/components/ChatSidebar; @/lib/localizePath","","","static_import_scan"
"/voimalused","app/voimalused/page.jsx","@/components/alalehed/VoimalusedBody; @/lib/i18n; @/lib/metadata","","","static_import_scan"
