"route_pattern","page_file","feature_group","candidate_function_scope","mapping_status","sol_verification"
"/admin/analytics","app/admin/analytics/page.jsx","admin ja haldus","admini haldus-, analüütika- ja RAG-vaated","candidate_from_route","not_source_verified"
"/admin/framework-acceptances","app/admin/framework-acceptances/page.jsx","admin ja haldus","admini haldus-, analüütika- ja RAG-vaated","candidate_from_route","not_source_verified"
"/admin/mentorlus","app/admin/mentorlus/page.jsx","admin ja haldus","admini haldus-, analüütika- ja RAG-vaated","candidate_from_route","not_source_verified"
"/admin/rag","app/admin/rag/page.jsx","admin ja haldus","admini haldus-, analüütika- ja RAG-vaated","candidate_from_route","not_source_verified"
"/admin/rag/documents","app/admin/rag/documents/page.jsx","admin ja haldus","admini haldus-, analüütika- ja RAG-vaated","candidate_from_route","not_source_verified"
"/admin/rag/ingest","app/admin/rag/ingest/page.jsx","admin ja haldus","admini haldus-, analüütika- ja RAG-vaated","candidate_from_route","not_source_verified"
"/admin/rag/kov","app/admin/rag/kov/page.jsx","admin ja haldus","admini haldus-, analüütika- ja RAG-vaated","candidate_from_route","not_source_verified"
"/admin/rag/organizations","app/admin/rag/organizations/page.jsx","admin ja haldus","admini haldus-, analüütika- ja RAG-vaated","candidate_from_route","not_source_verified"
"/admin/rag/source-feedback","app/admin/rag/source-feedback/page.jsx","admin ja haldus","admini haldus-, analüütika- ja RAG-vaated","candidate_from_route","not_source_verified"
"/admin/rag/source-packages","app/admin/rag/source-packages/page.jsx","admin ja haldus","admini haldus-, analüütika- ja RAG-vaated","candidate_from_route","not_source_verified"
"/admin/service-availability","app/admin/service-availability/page.jsx","admin ja haldus","admini haldus-, analüütika- ja RAG-vaated","candidate_from_route","not_source_verified"
"/admin/urgent-desks","app/admin/urgent-desks/page.jsx","admin ja haldus","admini haldus-, analüütika- ja RAG-vaated","candidate_from_route","not_source_verified"
"/admin/wellbeing","app/admin/wellbeing/page.jsx","admin ja haldus","admini haldus-, analüütika- ja RAG-vaated","candidate_from_route","not_source_verified"
"/join","app/join/page.jsx","autentimine","registreerimine, liitumine ja parooli taastamine","candidate_from_route","not_source_verified"
"/registreerimine","app/registreerimine/page.js","autentimine","registreerimine, liitumine ja parooli taastamine","candidate_from_route","not_source_verified"
"/taasta-parool","app/taasta-parool/page.jsx","autentimine","registreerimine, liitumine ja parooli taastamine","candidate_from_route","not_source_verified"
"/taasta-parool/:token","app/taasta-parool/[token]/page.jsx","autentimine","registreerimine, liitumine ja parooli taastamine","candidate_from_route","not_source_verified"
"/autorilt","app/autorilt/page.jsx","avalik info ja õigus","avalik info, juhendid ja tingimused","candidate_from_route","not_source_verified"
"/kasutusjuhend","app/kasutusjuhend/page.jsx","avalik info ja õigus","avalik info, juhendid ja tingimused","candidate_from_route","not_source_verified"
"/kasutustingimused","app/kasutustingimused/page.js","avalik info ja õigus","avalik info, juhendid ja tingimused","candidate_from_route","not_source_verified"
"/meist","app/meist/page.jsx","avalik info ja õigus","avalik info, juhendid ja tingimused","candidate_from_route","not_source_verified"
"/privaatsustingimused","app/privaatsustingimused/page.js","avalik info ja õigus","avalik info, juhendid ja tingimused","candidate_from_route","not_source_verified"
"/","app/page.js","avalik sisenemine","platvormi avalik sisenemine ja põhifunktsioonide avamine","candidate_from_route","not_source_verified"
"/documents","app/documents/page.js","dokumendid ja artefaktid","dokumentide hoidla, analüüs ja artefaktide töövood","candidate_from_route","not_source_verified"
"/documents/artifacts/:id","app/documents/artifacts/[id]/page.js","dokumendid ja artefaktid","dokumentide hoidla, analüüs ja artefaktide töövood","candidate_from_route","not_source_verified"
"/eelpoordumised","app/eelpoordumised/page.jsx","eelpöördumised","eelpöördumise loomine, ettevalmistus ja vastuvõtt","candidate_from_route","not_source_verified"
"/juhtumid","app/juhtumid/page.jsx","juhtumitöö ja kiire abi","juhtumite ja kiireloomulise abi töövood","candidate_from_route","not_source_verified"
"/kiireloomuline-abi","app/kiireloomuline-abi/page.jsx","juhtumitöö ja kiire abi","juhtumite ja kiireloomulise abi töövood","candidate_from_route","not_source_verified"
"/lopetatud-juhtumid","app/lopetatud-juhtumid/page.jsx","juhtumitöö ja kiire abi","juhtumite ja kiireloomulise abi töövood","candidate_from_route","not_source_verified"
"/minu-jagamised","app/minu-jagamised/page.jsx","konto ja jagamised","konto, turvaseaded, jagamised ja ligipääsud","candidate_from_route","not_source_verified"
"/profiil","app/profiil/page.js","konto ja jagamised","konto, turvaseaded, jagamised ja ligipääsud","candidate_from_route","not_source_verified"
"/uuenda-epost","app/uuenda-epost/page.js","konto ja jagamised","konto, turvaseaded, jagamised ja ligipääsud","candidate_from_route","not_source_verified"
"/uuenda-pin","app/uuenda-pin/page.js","konto ja jagamised","konto, turvaseaded, jagamised ja ligipääsud","candidate_from_route","not_source_verified"
"/kovisioon","app/kovisioon/page.jsx","kovisioon","juhtumipõhine kovisiooni töövoog","candidate_from_route","not_source_verified"
"/mentorlus","app/mentorlus/page.jsx","mentorlus","mentori profiil, suhted, kohtumised ja märkmed","candidate_from_route","not_source_verified"
"/mentorlus/mentor/:profileId","app/mentorlus/mentor/[profileId]/page.jsx","mentorlus","mentori profiil, suhted, kohtumised ja märkmed","candidate_from_route","not_source_verified"
"/mentorlus/profiil","app/mentorlus/profiil/page.jsx","mentorlus","mentori profiil, suhted, kohtumised ja märkmed","candidate_from_route","not_source_verified"
"/mentorlus/suhe/:relationId","app/mentorlus/suhe/[relationId]/page.jsx","mentorlus","mentori profiil, suhted, kohtumised ja märkmed","candidate_from_route","not_source_verified"
"/org","app/org/page.jsx","organisatsioon","organisatsiooni töölaud, liikmed, vastuvõtt, aruanded ja teenusprofiil","candidate_from_route","not_source_verified"
"/org/:orgId","app/org/[orgId]/page.jsx","organisatsioon","organisatsiooni töölaud, liikmed, vastuvõtt, aruanded ja teenusprofiil","candidate_from_route","not_source_verified"
"/org/:orgId/aruanded","app/org/[orgId]/aruanded/page.jsx","organisatsioon","organisatsiooni töölaud, liikmed, vastuvõtt, aruanded ja teenusprofiil","candidate_from_route","not_source_verified"
"/org/:orgId/arveldus","app/org/[orgId]/arveldus/page.jsx","organisatsioon","organisatsiooni töölaud, liikmed, vastuvõtt, aruanded ja teenusprofiil","candidate_from_route","not_source_verified"
"/org/:orgId/audit","app/org/[orgId]/audit/page.jsx","organisatsioon","organisatsiooni töölaud, liikmed, vastuvõtt, aruanded ja teenusprofiil","candidate_from_route","not_source_verified"
"/org/:orgId/eksport","app/org/[orgId]/eksport/page.jsx","organisatsioon","organisatsiooni töölaud, liikmed, vastuvõtt, aruanded ja teenusprofiil","candidate_from_route","not_source_verified"
"/org/:orgId/graafik","app/org/[orgId]/graafik/page.jsx","organisatsioon","organisatsiooni töölaud, liikmed, vastuvõtt, aruanded ja teenusprofiil","candidate_from_route","not_source_verified"
"/org/:orgId/kutsed","app/org/[orgId]/kutsed/page.jsx","organisatsioon","organisatsiooni töölaud, liikmed, vastuvõtt, aruanded ja teenusprofiil","candidate_from_route","not_source_verified"
"/org/:orgId/liikmed","app/org/[orgId]/liikmed/page.jsx","organisatsioon","organisatsiooni töölaud, liikmed, vastuvõtt, aruanded ja teenusprofiil","candidate_from_route","not_source_verified"
"/org/:orgId/seaded","app/org/[orgId]/seaded/page.jsx","organisatsioon","organisatsiooni töölaud, liikmed, vastuvõtt, aruanded ja teenusprofiil","candidate_from_route","not_source_verified"
"/org/:orgId/struktuur","app/org/[orgId]/struktuur/page.jsx","organisatsioon","organisatsiooni töölaud, liikmed, vastuvõtt, aruanded ja teenusprofiil","candidate_from_route","not_source_verified"
"/org/:orgId/teenusprofiil","app/org/[orgId]/teenusprofiil/page.jsx","organisatsioon","organisatsiooni töölaud, liikmed, vastuvõtt, aruanded ja teenusprofiil","candidate_from_route","not_source_verified"
"/org/:orgId/tugi","app/org/[orgId]/tugi/page.jsx","organisatsioon","organisatsiooni töölaud, liikmed, vastuvõtt, aruanded ja teenusprofiil","candidate_from_route","not_source_verified"
"/org/:orgId/vastuvott","app/org/[orgId]/vastuvott/page.jsx","organisatsioon","organisatsiooni töölaud, liikmed, vastuvõtt, aruanded ja teenusprofiil","candidate_from_route","not_source_verified"
"/org/:orgId/vastuvott/:itemId","app/org/[orgId]/vastuvott/[itemId]/page.jsx","organisatsioon","organisatsiooni töölaud, liikmed, vastuvõtt, aruanded ja teenusprofiil","candidate_from_route","not_source_verified"
"/org/liitu","app/org/liitu/page.jsx","organisatsioon","organisatsiooni töölaud, liikmed, vastuvõtt, aruanded ja teenusprofiil","candidate_from_route","not_source_verified"
"/org/toetus","app/org/toetus/page.jsx","organisatsioon","organisatsiooni töölaud, liikmed, vastuvõtt, aruanded ja teenusprofiil","candidate_from_route","not_source_verified"
"/org/vastuvott/:itemId","app/org/vastuvott/[itemId]/page.jsx","organisatsioon","organisatsiooni töölaud, liikmed, vastuvõtt, aruanded ja teenusprofiil","candidate_from_route","not_source_verified"
"/otsi","app/otsi/page.jsx","otsing","platvormisisene otsing","candidate_from_route","not_source_verified"
"/hinnastus","app/hinnastus/page.jsx","paketid ja toetused","hinnastus, tellimus, toetused ja võimalused","candidate_from_route","not_source_verified"
"/tellimus","app/tellimus/page.js","paketid ja toetused","hinnastus, tellimus, toetused ja võimalused","candidate_from_route","not_source_verified"
"/toimetulekutoetus","app/toimetulekutoetus/page.jsx","paketid ja toetused","hinnastus, tellimus, toetused ja võimalused","candidate_from_route","not_source_verified"
"/voimalused","app/voimalused/page.jsx","paketid ja toetused","hinnastus, tellimus, toetused ja võimalused","candidate_from_route","not_source_verified"
"/room/:roomId","app/room/[roomId]/page.jsx","ruumid ja koostöö","koostööruumid, liikmed, sõnumid ja kõned","candidate_from_route","not_source_verified"
"/rooms","app/rooms/page.js","ruumid ja koostöö","koostööruumid, liikmed, sõnumid ja kõned","candidate_from_route","not_source_verified"
"/ruum","app/ruum/page.js","ruumid ja koostöö","koostööruumid, liikmed, sõnumid ja kõned","candidate_from_route","not_source_verified"
"/supervisioon","app/supervisioon/page.jsx","supervisioon","supervisiooni protsess, kohtumised, jagamine ja väljundid","candidate_from_route","not_source_verified"
"/supervisioon/:id","app/supervisioon/[id]/page.jsx","supervisioon","supervisiooni protsess, kohtumised, jagamine ja väljundid","candidate_from_route","not_source_verified"
"/supervisioon/:id/jaga","app/supervisioon/[id]/jaga/page.jsx","supervisioon","supervisiooni protsess, kohtumised, jagamine ja väljundid","candidate_from_route","not_source_verified"
"/supervisioon/:id/sulge","app/supervisioon/[id]/sulge/page.jsx","supervisioon","supervisiooni protsess, kohtumised, jagamine ja väljundid","candidate_from_route","not_source_verified"
"/supervisioon/uus","app/supervisioon/uus/page.jsx","supervisioon","supervisiooni protsess, kohtumised, jagamine ja väljundid","candidate_from_route","not_source_verified"
"/supervisioon/valjundid","app/supervisioon/valjundid/page.jsx","supervisioon","supervisiooni protsess, kohtumised, jagamine ja väljundid","candidate_from_route","not_source_verified"
"/supervisioon/valjundid/:outcomeId","app/supervisioon/valjundid/[outcomeId]/page.jsx","supervisioon","supervisiooni protsess, kohtumised, jagamine ja väljundid","candidate_from_route","not_source_verified"
"/materjalid","app/materjalid/page.js","teadmised ja praktika","materjalide, praktikate, teemade ja refleksiooni töövood","candidate_from_route","not_source_verified"
"/parimad-praktikad","app/parimad-praktikad/page.jsx","teadmised ja praktika","materjalide, praktikate, teemade ja refleksiooni töövood","candidate_from_route","not_source_verified"
"/refleksioon","app/refleksioon/page.jsx","teadmised ja praktika","materjalide, praktikate, teemade ja refleksiooni töövood","candidate_from_route","not_source_verified"
"/teemaseemned","app/teemaseemned/page.jsx","teadmised ja praktika","materjalide, praktikate, teemade ja refleksiooni töövood","candidate_from_route","not_source_verified"
"/tooalase-kasutuse-raamistik","app/tooalase-kasutuse-raamistik/page.jsx","teadmised ja praktika","materjalide, praktikate, teemade ja refleksiooni töövood","candidate_from_route","not_source_verified"
"/teekond","app/teekond/page.jsx","teekond","teekonna vaatamine ja teekonnaobjekti töövood","candidate_from_route","not_source_verified"
"/teekond/:id","app/teekond/[id]/page.jsx","teekond","teekonna vaatamine ja teekonnaobjekti töövood","candidate_from_route","not_source_verified"
"/teenusekaart","app/teenusekaart/page.jsx","teenused ja teenusekaart","teenuste otsing, teenuseosutaja profiil ja teenusepäevik","candidate_from_route","not_source_verified"
"/teenuseprofiil","app/teenuseprofiil/page.jsx","teenused ja teenusekaart","teenuste otsing, teenuseosutaja profiil ja teenusepäevik","candidate_from_route","not_source_verified"
"/teenuspaevik","app/teenuspaevik/page.jsx","teenused ja teenusekaart","teenuste otsing, teenuseosutaja profiil ja teenusepäevik","candidate_from_route","not_source_verified"
"/dokreziim","app/dokreziim/page.js","tehniline või abipind","spetsiaalne abipind; täpne kasutus tuleb lähtekoodist kontrollida","candidate_from_route","not_source_verified"
"/logo-eksport","app/logo-eksport/page.jsx","tehniline või abipind","spetsiaalne abipind; täpne kasutus tuleb lähtekoodist kontrollida","candidate_from_route","not_source_verified"
"/tooheaolu","app/tooheaolu/page.jsx","tööheaolu","tööheaolu tööriistad, piloot ja tulemused","candidate_from_route","not_source_verified"
"/tooheaolu/:tool","app/tooheaolu/[tool]/page.jsx","tööheaolu","tööheaolu tööriistad, piloot ja tulemused","candidate_from_route","not_source_verified"
"/tooheaolu/piloot","app/tooheaolu/piloot/page.jsx","tööheaolu","tööheaolu tööriistad, piloot ja tulemused","candidate_from_route","not_source_verified"
"/toolaud","app/toolaud/page.jsx","töölaud","kasutaja töölaud ja põhitegevuste avamine","candidate_from_route","not_source_verified"
"/toolaud/juhtumitoo","app/toolaud/juhtumitoo/page.jsx","töölaud","kasutaja töölaud ja põhitegevuste avamine","candidate_from_route","not_source_verified"
"/toolaud/kiireloomuline-abi","app/toolaud/kiireloomuline-abi/page.jsx","töölaud","kasutaja töölaud ja põhitegevuste avamine","candidate_from_route","not_source_verified"
"/toolaud/kovisioon","app/toolaud/kovisioon/page.jsx","töölaud","kasutaja töölaud ja põhitegevuste avamine","candidate_from_route","not_source_verified"
"/toolaud/tooheaolu","app/toolaud/tooheaolu/page.jsx","töölaud","kasutaja töölaud ja põhitegevuste avamine","candidate_from_route","not_source_verified"
"/vestlus","app/vestlus/page.js","vestlus","vestluse alustamine, sõnumid, ajalugu ja allikad","candidate_from_route","not_source_verified"
"/valitoo","app/valitoo/page.jsx","välitöö","välitöö külastused, kontrollid ja üleandmine","candidate_from_route","not_source_verified"
"/valitoo/:visitId","app/valitoo/[visitId]/page.jsx","välitöö","välitöö külastused, kontrollid ja üleandmine","candidate_from_route","not_source_verified"
