"source_id","title","url","status","local_path","matched_by","sha256","bytes","error"
"paasteamet_hoolekande_ja_tervishoiuasutuste_tuleohutus_pdf","Hoolekande- ja tervishoiuasutuste tuleohutus","https://www.rescue.ee/files/Materjalid/2024-03-03-hoolekande-ja-tervishoiuasutuste-tuleohutus.pdf","LOCAL_FILE_EXISTS","C:\Users\rauds\Desktop\SotsiaalAI\docs\Andmebaas\RAG\master_sources_pdf\paasteamet_hoolekande_ja_tervishoiuasutuste_tuleohutus_pdf.pdf","source_id_sidecar","3eab944a784e5260f636cff5778f08f6be3623fe970cbfee72536cf794dbef8a","1378497",""
"paasteamet_tuleohutuspaigaldised_ja_paastevahendid_haiglates_hooldekodu","Tuleohutuspaigaldised ja päästevahendid haiglates/hooldekodudes","https://www.rescue.ee/files/2018-09/tuleohutuspaigaldised-ja-paastevahendid-haiglates-ja-hooldekodudes.pdf","LOCAL_FILE_EXISTS","C:\Users\rauds\Desktop\SotsiaalAI\docs\Andmebaas\RAG\master_sources_pdf\paasteamet_tuleohutuspaigaldised_ja_paastevahendid_haiglates_hooldekodu.pdf","source_id_sidecar","e053f82bfa39ea746c1188c230283be344334e8ab2558d4b7cff63a1b2d9b383","5275025",""
"oiguskantsler_juhend_abivajavast_lapsest_teatamine_ja_andmekaitse","Juhend: abivajavast lapsest teatamine ja andmekaitse","https://www.oiguskantsler.ee/sites/default/files/JUHEND%20-%20abivajavast%20lapsest%20teatamine%20ja%20andmekaitse%20%28jaanuar%202021%29.pdf","LOCAL_FILE_EXISTS","C:\Users\rauds\Desktop\SotsiaalAI\docs\Andmebaas\RAG\master_sources_pdf\oiguskantsler_juhend_abivajavast_lapsest_teatamine_ja_andmekaitse.pdf","source_id_sidecar","50a929984fb1a973d712c0156428e587b4fb4cfd10e88ebf01145204ba913d7b","207537",""
"oiguskantsler_2025_aasta_tegevuse_ulevaade_puuetega_inimeste_oigused","2025. aasta tegevuse ülevaade: puuetega inimeste õigused","https://www.oiguskantsler.ee/ylevaade2025/pdf/puuetega-inimeste-oigused.pdf","LOCAL_FILE_EXISTS","C:\Users\rauds\Desktop\SotsiaalAI\docs\Andmebaas\RAG\master_sources_pdf\oiguskantsler_2025_aasta_tegevuse_ulevaade_puuetega_inimeste_oigused.pdf","source_id_sidecar","fd9e5c62b97ffefb6f139a350a00edb9728238e86e69e1ba97b0b4f28591e380","39359",""
"oiguskantsler_puuetega_inimeste_oigused_kriisis","Puuetega inimeste õigused kriisis","https://www.oiguskantsler.ee/sites/default/files/2024-11/Puuetega%20inimeste%20%C3%B5igused%20kriisis.pdf","LOCAL_FILE_EXISTS","C:\Users\rauds\Desktop\SotsiaalAI\docs\Andmebaas\RAG\master_sources_pdf\oiguskantsler_puuetega_inimeste_oigused_kriisis.pdf","source_id_sidecar","25db27fb739c7f8ee241ca72ba26d5208fe8963b544fdd523f29d1e54e28be7e","423584",""
"oiguskantsler_lapse_oigused","Lapse õigused","https://www.oiguskantsler.ee/sites/default/files/L%C3%95K%20voldik%202022_EST.pdf","LOCAL_FILE_EXISTS","C:\Users\rauds\Desktop\SotsiaalAI\docs\Andmebaas\RAG\master_sources_pdf\oiguskantsler_lapse_oigused.pdf","source_id_sidecar","de846b25803873652b7e4324fdcb2dcff34f51b454b4894aad32648cbfd3058a","6551477",""
"oiguskantsler_vordne_kohtlemine","Võrdne kohtlemine","https://www.oiguskantsler.ee/ylevaade2024/pdf/vordne-kohtlemine.pdf","LOCAL_FILE_EXISTS","C:\Users\rauds\Desktop\SotsiaalAI\docs\Andmebaas\RAG\master_sources_pdf\oiguskantsler_vordne_kohtlemine.pdf","source_id_sidecar","388bcd8b11b1b849fedeb6a19f521ab2a58b2d684b63c551a056937e5a8ec959","48977",""
"aki_isikuandmed_sotsiaalhoolekande_ja_tervishoiusektoris","Isikuandmed sotsiaalhoolekande- ja tervishoiusektoris","https://www.aki.ee/sites/default/files/dokumendid/isikuandmed_sotsiaalhoolekande-_ja_tervishoiusektoris.pdf","LOCAL_FILE_EXISTS","C:\Users\rauds\Desktop\SotsiaalAI\docs\Andmebaas\RAG\master_sources_pdf\aki_isikuandmed_sotsiaalhoolekande_ja_tervishoiusektoris.pdf","source_id_sidecar","4fed2bd6ed302f2bbe6e5206193fe3f46fc512c67a01e2304d6525b4f69888d8","1176696",""
"aki_isikuandmete_tootleja_uldjuhend","Isikuandmete töötleja üldjuhend","https://www.aki.ee/sites/default/files/dokumendid/isikuandmete_tootleja_uldjuhend.pdf","LOCAL_FILE_EXISTS","C:\Users\rauds\Desktop\SotsiaalAI\docs\Andmebaas\RAG\master_sources_pdf\aki_isikuandmete_tootleja_uldjuhend.pdf","source_id_sidecar","bcd9bb1c8f591a265bb4d65e695343bf0f3f1c8e58787d0ae02898797c464296","1291573",""
"aki_tto_de_kasutatavate_kliendisuhtluskeskkondade_seire_kokkuvot","TTO-de kasutatavate kliendisuhtluskeskkondade seire kokkuvõte ja soovitused","https://www.aki.ee/sites/default/files/documents/2026-01/TTO-de%20kasutatavate%20kliendisuhtluskeskkondade%20seire%20kokkuv%C3%B5te%20ja%20soovitused.pdf","LOCAL_FILE_EXISTS","C:\Users\rauds\Desktop\SotsiaalAI\docs\Andmebaas\RAG\master_sources_pdf\aki_tto_de_kasutatavate_kliendisuhtluskeskkondade_seire_kokkuvot.pdf","source_id_sidecar","306be1c59d43e1ba25096a8b14d3dcabd0a74b7c11621d9437458a25d19b985d","851059",""
"tai_eesti_laste_vaimse_tervise_uuring","Eesti laste vaimse tervise uuring","https://tai.ee/sites/default/files/2025-05/lvtu_lopparuanne_16mai2025.pdf","LOCAL_FILE_EXISTS","C:\Users\rauds\Desktop\SotsiaalAI\docs\Andmebaas\RAG\master_sources_pdf\tai_eesti_laste_vaimse_tervise_uuring.pdf","source_id_sidecar","aded606b2ef6f5f574876a7c5050f252ac8b6bb956a7ab1a17e8597620d67f49","7374832",""
"tai_espad_2024_uimastite_tarvitamine_koolinoorte_seas","ESPAD 2024: uimastite tarvitamine koolinoorte seas","https://tai.ee/sites/default/files/2025-04/espad_raport_2024_21.04.2025.pdf","LOCAL_FILE_EXISTS","C:\Users\rauds\Desktop\SotsiaalAI\docs\Andmebaas\RAG\master_sources_pdf\tai_espad_2024_uimastite_tarvitamine_koolinoorte_seas.pdf","source_id_sidecar","6e8ab2ac17899f8721c470a3ec07c16bdc518a5945435809426cf1009290a12a","3905198",""
"tai_eesti_taiskasvanud_rahvastiku_uimastite_tarvitamise_uuring_2","Eesti täiskasvanud rahvastiku uimastite tarvitamise uuring 2023","https://www.tai.ee/sites/default/files/2024-06/tuku_2023.pdf","LOCAL_FILE_EXISTS","C:\Users\rauds\Desktop\SotsiaalAI\docs\Andmebaas\RAG\master_sources_pdf\tai_eesti_taiskasvanud_rahvastiku_uimastite_tarvitamise_uuring_2.pdf","source_id_sidecar","f18c37071ba9894bca399125514d602ea3e45312a881035cd8ca606bb30f47fe","1137148",""
"tai_narkootikumide_tarvitamise_olukord_eestis_2023","Narkootikumide tarvitamise olukord Eestis 2023","https://www.tai.ee/sites/default/files/2024-06/narkootikumide_tarvitamise_olukord_eestis.pdf","LOCAL_FILE_EXISTS","C:\Users\rauds\Desktop\SotsiaalAI\docs\Andmebaas\RAG\master_sources_pdf\tai_narkootikumide_tarvitamise_olukord_eestis_2023.pdf","source_id_sidecar","95017db3ac6f30e5811cc2e9f12a618f67950ff6c7021ffca9f315f13d246945","461519",""
"tai_tai_arengukava_2025_2028","TAI arengukava 2025–2028","https://www.tai.ee/sites/default/files/2025-02/tai_arengukava_2025_13.2.pdf","LOCAL_FILE_EXISTS","C:\Users\rauds\Desktop\SotsiaalAI\docs\Andmebaas\RAG\master_sources_pdf\tai_tai_arengukava_2025_2028.pdf","source_id_sidecar","60a83a8a211e775e3579110956e64e231f733de705cfc6fce1c418e0fb3d5735","514593",""
"tai_tai_aastaaruanne_2025","TAI aastaaruanne 2025","https://staging.tai.ee/sites/default/files/2026-02/aastaaruanne_2025_18.02.pdf","DOWNLOAD_FAILED","","","","","HTTP 401"
"statistikaamet_lapse_heaolu_mootmise_kasitlus","Lapse heaolu mõõtmise käsitlus","https://www.stat.ee/sites/default/files/2020-12/Lapse%20heaolu%20m%C3%B5%C3%B5tmise%20k%C3%A4sitlus.pdf","LOCAL_FILE_EXISTS","C:\Users\rauds\Desktop\SotsiaalAI\docs\Andmebaas\RAG\master_sources_pdf\statistikaamet_lapse_heaolu_mootmise_kasitlus.pdf","source_id_sidecar","19d03e9e2e0e908cfdf1f8b89551baff39d852c2055c083cd8d0b53948a42ef5","288709",""
"statistikaamet_laste_subjektiivne_heaolu_kohalikus_ja_rahvusvahelises_vaate","Laste subjektiivne heaolu kohalikus ja rahvusvahelises vaates","https://www.stat.ee/sites/default/files/2020-07/Laste_subjektiivne_heaolu_kohalikus_ja_rahvusvahelises_vaates.pdf","LOCAL_FILE_EXISTS","C:\Users\rauds\Desktop\SotsiaalAI\docs\Andmebaas\RAG\master_sources_pdf\statistikaamet_laste_subjektiivne_heaolu_kohalikus_ja_rahvusvahelises_vaate.pdf","source_id_sidecar","bbc97a7bc2899bb913915aa1d52558c52c035e98b18faecc6080f0466a437114","968271",""
"statistikaamet_puudega_inimeste_sotsiaalne_loimumine","Puudega inimeste sotsiaalne lõimumine","https://www.stat.ee/sites/default/files/2020-07/Puudega_inimeste_sotsiaalne_loimumine.pdf","LOCAL_FILE_EXISTS","C:\Users\rauds\Desktop\SotsiaalAI\docs\Andmebaas\RAG\master_sources_pdf\statistikaamet_puudega_inimeste_sotsiaalne_loimumine.pdf","source_id_sidecar","c29898ae72e0ec0b71675e106b9e5860fb3d63cb94c09d5ac3bb2c10bc3621c9","2533958",""
"statistikaamet_sotsiaaltrendid_6","Sotsiaaltrendid 6","https://www.stat.ee/sites/default/files/2020-07/Sotsiaaltrendid_6.pdf","LOCAL_FILE_EXISTS","C:\Users\rauds\Desktop\SotsiaalAI\docs\Andmebaas\RAG\master_sources_pdf\statistikaamet_sotsiaaltrendid_6.pdf","source_id_sidecar","cdabda89c218e61df71b5c8cd5a840c09b8f792d530aedf89b2f62a4bdd5ecc9","1740904",""
"statistikaamet_sotsiaaltrendid_7","Sotsiaaltrendid 7","https://www.stat.ee/sites/default/files/2020-07/sotsiaaltrendid_7.pdf","LOCAL_FILE_EXISTS","C:\Users\rauds\Desktop\SotsiaalAI\docs\Andmebaas\RAG\master_sources_pdf\statistikaamet_sotsiaaltrendid_7.pdf","source_id_sidecar","e31fd9a178e0206abf9bfdba6e1de8d2ac99ac25b8871b0c699fe60d0d9a28b6","1407748",""
"statistikaamet_vaesus_eestis","Vaesus Eestis","https://www.stat.ee/sites/default/files/2020-07/Vaesus_Eestis_sisu.pdf","LOCAL_FILE_EXISTS","C:\Users\rauds\Desktop\SotsiaalAI\docs\Andmebaas\RAG\master_sources_pdf\statistikaamet_vaesus_eestis.pdf","source_id_sidecar","92e627e202d239b7046156710788b0038357459cdad45b6c0701cb4d3b15add2","2887078",""
"statistikaamet_eesti_statistika_kvartalikiri_2_2018","Eesti Statistika Kvartalikiri 2/2018","https://www.stat.ee/sites/default/files/2020-07/Kvartalikiri_2-2018.pdf","LOCAL_FILE_EXISTS","C:\Users\rauds\Desktop\SotsiaalAI\docs\Andmebaas\RAG\master_sources_pdf\statistikaamet_eesti_statistika_kvartalikiri_2_2018.pdf","source_id_sidecar","17e3d8b54f63b3e5c1a715b0f1edeeff65be4ad61fd4da4d2fe3ce1f205942e9","2203451",""
"oska_sotsiaaltoo_seirearuanne_2025","Sotsiaaltöö seirearuanne 2025","https://uuringud.oska.kutsekoda.ee/assets/pdf/Sotsiaaltoo-SEIREARUANNE-2025.pdf","LOCAL_FILE_EXISTS","C:\Users\rauds\Desktop\SotsiaalAI\docs\Andmebaas\RAG\master_sources_pdf\oska_sotsiaaltoo_seirearuanne_2025.pdf","source_id_sidecar","5e0c325dacd284b4cbf0159347ea01870c6486ee49ff63770866c95de311f39b","1688296",""
"oska_oska_sotsiaaltoo_uuringu_terviktekst_2021","OSKA sotsiaaltöö uuringu terviktekst 2021","https://oska.kutsekoda.ee/wp-content/uploads/2017/01/OSKA_sotsiaaltoo_uuringuaruanne_terviktekst_2021.pdf","LOCAL_FILE_EXISTS","C:\Users\rauds\Desktop\SotsiaalAI\docs\Andmebaas\RAG\master_sources_pdf\oska_oska_sotsiaaltoo_uuringu_terviktekst_2021.pdf","source_id_sidecar","84b3b87054bf6645e224437c265f48c17732d4cef83584477b0782a1f9fc8c94","2013312",""
"oska_oska_sotsiaaltoo_uuringu_luhiversioon_2021","OSKA sotsiaaltöö uuringu lühiversioon 2021","https://uuringud.oska.kutsekoda.ee/assets/files/sotsiaaltoo/3-oska-sotsiaaltoo-uuringuaruanne-lyhiversioon-2021a.pdf","LOCAL_FILE_EXISTS","C:\Users\rauds\Desktop\SotsiaalAI\docs\Andmebaas\RAG\master_sources_pdf\oska_oska_sotsiaaltoo_uuringu_luhiversioon_2021.pdf","source_id_sidecar","3fb76f40a73693e564c32a9f8f284abcdac7663461fa5f50fae07d04531cdfc1","4636337",""
"oska_oska_sotsiaaltoo_uuringu_olulisemad_tulemused","OSKA sotsiaaltöö uuringu olulisemad tulemused","https://uuringud.oska.kutsekoda.ee/assets/files/sotsiaaltoo/4-oska-sotsiaaltoo-olulisemad-tulemused.pdf","LOCAL_FILE_EXISTS","C:\Users\rauds\Desktop\SotsiaalAI\docs\Andmebaas\RAG\master_sources_pdf\oska_oska_sotsiaaltoo_uuringu_olulisemad_tulemused.pdf","source_id_sidecar","545c633b8adaa13be9387d95f28d8fbb08dcd46e6896e7b6789a53cbe3558c63","141072",""
"tervisekassa_pikk_covid_patsiendijuhend","Pikk COVID patsiendijuhend","https://tervisekassa.ee/sites/default/files/Pikk_Covid_patsiendijuhend_web.pdf","LOCAL_FILE_EXISTS","C:\Users\rauds\Desktop\SotsiaalAI\docs\Andmebaas\RAG\master_sources_pdf\tervisekassa_pikk_covid_patsiendijuhend.pdf","source_id_sidecar","d4bd438db567b52361910dfe6d9059556338f55207ba6200da16ecc7529be1fe","648362",""
"tervisekassa_pikk_covid_esmatasandil_kasitlusjuhend","Pikk COVID esmatasandil: käsitlusjuhend","https://tervisekassa.ee/sites/default/files/Pikk_Covid_k%C3%A4sitlusjuhend_web.pdf","LOCAL_FILE_EXISTS","C:\Users\rauds\Desktop\SotsiaalAI\docs\Andmebaas\RAG\master_sources_pdf\tervisekassa_pikk_covid_esmatasandil_kasitlusjuhend.pdf","source_id_sidecar","573c0cac06ada8b6e882253bc09ba23b55bbfa538e521c2af03dd7f9f22fe790","1063657",""
"tervisekassa_pereoenduse_tegevusjuhend","Pereõenduse tegevusjuhend","https://tervisekassa.ee/sites/default/files/Raviasutused/a5_pereoenduse_tegevusjuhend_netti_2.pdf","LOCAL_FILE_EXISTS","C:\Users\rauds\Desktop\SotsiaalAI\docs\Andmebaas\RAG\master_sources_pdf\tervisekassa_pereoenduse_tegevusjuhend.pdf","source_id_sidecar","9e07379d70f6b72dd59d73a91caf3a85aacca51954422b1be26b6484ef6e8286","556844",""
"tervisekassa_esmatasandi_tervishoiu_arengumudel_lahima_10_aasta_perspekti","Esmatasandi tervishoiu arengumudel lähima 10 aasta perspektiivis","https://tervisekassa.ee/sites/default/files/uuringud_aruanded/esmatasandi_toimemudel_lahima_10_aasta_perspektiivis.pdf","LOCAL_FILE_EXISTS","C:\Users\rauds\Desktop\SotsiaalAI\docs\Andmebaas\RAG\master_sources_pdf\tervisekassa_esmatasandi_tervishoiu_arengumudel_lahima_10_aasta_perspekti.pdf","source_id_sidecar","f17bac84fcd0e1b4972f4388b0a4ca5791cd9ab6878f41b0140764f12807391a","1878116",""
"tervisekassa_arevushaire_kasitlus_esmatasandil_kliinilise_auditi_kokkuvot","Ärevushäire käsitlus esmatasandil – kliinilise auditi kokkuvõte","https://tervisekassa.ee/sites/default/files/kvaliteet/Haigekassa/2018_arevushaire_kasitlus_esmatasandil_kokkuvote.pdf","LOCAL_FILE_EXISTS","C:\Users\rauds\Desktop\SotsiaalAI\docs\Andmebaas\RAG\master_sources_pdf\tervisekassa_arevushaire_kasitlus_esmatasandil_kliinilise_auditi_kokkuvot.pdf","source_id_sidecar","1caab240c604adbd96720af2eba4f47f516ab6e9a85edfa826c647f8db70d48d","344151",""
"terviseamet_infektsioonikontrollialase_toimepidevuse_ja_riskijuhtimise_j","Infektsioonikontrollialase toimepidevuse ja riskijuhtimise juhendmaterjal hoolekandeasutustele","https://www.terviseamet.ee/sites/default/files/documents/2024-10/infektsioonikontrollialase_toimepidevuse_ja_riskijuhtimise_juhendmaterjal%20%282023%29.pdf","LOCAL_FILE_EXISTS","C:\Users\rauds\Desktop\SotsiaalAI\docs\Andmebaas\RAG\master_sources_pdf\terviseamet_infektsioonikontrollialase_toimepidevuse_ja_riskijuhtimise_j.pdf","source_id_sidecar","94b2b74c322df3ec85ac5318d8ad61410afa66d548d7d0f40f869d69f747316c","493609",""
"terviseamet_infektsioonikontrollialase_toimepidevuse_ja_riskijuhtimise_m","Infektsioonikontrollialase toimepidevuse ja riskijuhtimise metoodika","https://www.terviseamet.ee/sites/default/files/documents/2024-10/infektsioonikontrollialase_toimepidevuse_ja_riskijuhtimise_metoodika.pdf","LOCAL_FILE_EXISTS","C:\Users\rauds\Desktop\SotsiaalAI\docs\Andmebaas\RAG\master_sources_pdf\terviseamet_infektsioonikontrollialase_toimepidevuse_ja_riskijuhtimise_m.pdf","source_id_sidecar","cf3380f744a50665d2aeca150c27843cd23ab364f5a30aebeb9d25660ef03646","683617",""
"terviseamet_nakkushaiguste_ennetamise_ja_torjealane_tegevusjuhend_hoolde","Nakkushaiguste ennetamise ja tõrjealane tegevusjuhend hooldekodudele","https://www.terviseamet.ee/sites/default/files/documents/2024-10/Nakkushaiguste_ennetamise_ja_torjealane_tegevusjuhend_hooldekodudele%20%282017%29.pdf","LOCAL_FILE_EXISTS","C:\Users\rauds\Desktop\SotsiaalAI\docs\Andmebaas\RAG\master_sources_pdf\terviseamet_nakkushaiguste_ennetamise_ja_torjealane_tegevusjuhend_hoolde.pdf","source_id_sidecar","9fd0db64450d9b8677434f51aa0c1ac2f3e32403fc8d1b214485ae31a8d42161","404130",""
"terviseamet_hoolekandeasutuste_tegevusjuhis_covid_19_tingimustes","Hoolekandeasutuste tegevusjuhis COVID-19 tingimustes","https://www.terviseamet.ee/sites/default/files/documents/2024-11/Hoolekandeasutuste%20tegevusjuhis%20COVID-19%20tingimustes.pdf","LOCAL_FILE_EXISTS","C:\Users\rauds\Desktop\SotsiaalAI\docs\Andmebaas\RAG\master_sources_pdf\terviseamet_hoolekandeasutuste_tegevusjuhis_covid_19_tingimustes.pdf","source_id_sidecar","57b5dace4b307c6bb53e6b8adc895b83425bef20aa98e044a260ef6a028bcf54","229855",""
"terviseamet_kokkuvote_2024_aasta_kohta_haridus_ja_sotsiaalasutuste_tervi","Kokkuvõte 2024. aasta kohta: haridus- ja sotsiaalasutuste tervisekaitse järelevalve","https://www.terviseamet.ee/sites/default/files/documents/2025-04/2024.%20a%20kokkuv%C3%B5te.pdf","LOCAL_FILE_EXISTS","C:\Users\rauds\Desktop\SotsiaalAI\docs\Andmebaas\RAG\master_sources_pdf\terviseamet_kokkuvote_2024_aasta_kohta_haridus_ja_sotsiaalasutuste_tervi.pdf","source_id_sidecar","71ebac325dd4a0d5a4de6cb5f734f014ce2afaff52af378bf4509ebc488f74d6","117715",""
"terviseamet_kokkuvote_2022_aasta_kohta_haridus_ja_sotsiaalasutuste_tervi","Kokkuvõte 2022. aasta kohta: haridus- ja sotsiaalasutuste tervisekaitse järelevalve","https://www.terviseamet.ee/sites/default/files/documents/2024-06/2022.%20a%20kokkuv%C3%B5te_haridus_sotsiaal_.pdf","LOCAL_FILE_EXISTS","C:\Users\rauds\Desktop\SotsiaalAI\docs\Andmebaas\RAG\master_sources_pdf\terviseamet_kokkuvote_2022_aasta_kohta_haridus_ja_sotsiaalasutuste_tervi.pdf","source_id_sidecar","cfb555e888000293983356a093181710e09387e8c155b50de308e5a107303280","118523",""
"terviseamet_patsiendiohutusjuhtumi_raporteerimise_ja_menetlemise_juhend","Patsiendiohutusjuhtumi raporteerimise ja menetlemise juhend","https://www.terviseamet.ee/sites/default/files/documents/2024-11/patsiendiohutusjuhtumi_raporteerimise_ja_menetlemise_juhend.pdf","DOWNLOAD_FAILED","","","","","HTTP 404"
"terviseamet_pohak_i_aasta_kokkuvote","POHAK I aasta kokkuvõte","https://terviseamet.ee/sites/default/files/documents/2026-04/POHAK_I%20aasta%20kokkuv%C3%B5te.pdf","DOWNLOAD_FAILED","","","","","HTTP 404"
"terviseamet_gripivastase_vaktsineerimise_labiviimise_juhend_2025","Gripivastase vaktsineerimise läbiviimise juhend 2025","https://www.terviseamet.ee/sites/default/files/documents/2026-03/Lisa%202.5.1.%20Juhis_gripivastase_vaktsineerimise_labiviimiseks_2025.pdf","LOCAL_FILE_EXISTS","C:\Users\rauds\Desktop\SotsiaalAI\docs\Andmebaas\RAG\master_sources_pdf\terviseamet_gripivastase_vaktsineerimise_labiviimise_juhend_2025.pdf","source_id_sidecar","7329b53519cc8c1da4c06202acad7e5a59c39a4026a9bad57108eff127127cdc","214047",""
"terviseamet_taiskasvanute_vaktsineerimissoovitused","Täiskasvanute vaktsineerimissoovitused","https://www.terviseamet.ee/sites/default/files/documents/2026-04/T%C3%A4iskasvanute%20vaktsineerimine_0.pdf","DOWNLOAD_FAILED","","","","","HTTP 404"
"riigikontroll_omavalitsuste_tegevus_erivajadustega_inimeste_toetamisel","Omavalitsuste tegevus erivajadustega inimeste toetamisel","https://www.riigikontroll.ee/sites/default/files/documents/2025-11/19429_RKTR_6574_2-1.4_2321_001-2%20%281%29.pdf","LOCAL_FILE_EXISTS","C:\Users\rauds\Desktop\SotsiaalAI\docs\Andmebaas\RAG\master_sources_pdf\riigikontroll_omavalitsuste_tegevus_erivajadustega_inimeste_toetamisel.pdf","source_id_sidecar","b567521c76b15a8a43f4309ddcb2d20836539b4fe76375361fba7b5e9eefcae6","1136486",""
"riigikontroll_ulevaade_erihoolekandeteenuste_kattesaadavusest","Ülevaade erihoolekandeteenuste kättesaadavusest","https://www.riigikontroll.ee/sites/default/files/documents/2025-11/19828_RKTR_6603_2-1.4_2349_002-1.pdf","LOCAL_FILE_EXISTS","C:\Users\rauds\Desktop\SotsiaalAI\docs\Andmebaas\RAG\master_sources_pdf\riigikontroll_ulevaade_erihoolekandeteenuste_kattesaadavusest.pdf","source_id_sidecar","79b9d9b181f27d664ef42c821eaa425f0cc17c9ca9cd39bcd4c697848a0862c3","815226",""
"riigikontroll_koduteenuste_korraldus","Koduteenuste korraldus","https://www.riigikontroll.ee/sites/default/files/documents/2025-11/19294_RKTR_6564_2-1.4_2312_002-2.pdf","LOCAL_FILE_EXISTS","C:\Users\rauds\Desktop\SotsiaalAI\docs\Andmebaas\RAG\master_sources_pdf\riigikontroll_koduteenuste_korraldus.pdf","source_id_sidecar","dfb57516103151660362dad0d5a8940d6487ab91ef13d2fdc84008af65b7218c","791814",""
"riigikontroll_toimetulekutoetuse_kui_riikliku_sotsiaalabi_korraldus","Toimetulekutoetuse kui riikliku sotsiaalabi korraldus","https://www.riigikontroll.ee/sites/default/files/documents/2025-11/16215_RKTR_3559_2-1.4_2299_002-2.pdf","LOCAL_FILE_EXISTS","C:\Users\rauds\Desktop\SotsiaalAI\docs\Andmebaas\RAG\master_sources_pdf\riigikontroll_toimetulekutoetuse_kui_riikliku_sotsiaalabi_korraldus.pdf","source_id_sidecar","1cf6747a41ad9b0d39a61f275ca2693ce1a597e82c45e9c42844575ffdbb4d8d","617401",""
"riigikontroll_haridusliku_erivajadusega_noorte_kutseopingute_ja_tooturule_","Haridusliku erivajadusega noorte kutseõpingute ja tööturule jõudmise toetamine","https://www.riigikontroll.ee/sites/default/files/documents/2025-11/19750_RKTR_6598_2-1.4_2344_003-2.pdf","LOCAL_FILE_EXISTS","C:\Users\rauds\Desktop\SotsiaalAI\docs\Andmebaas\RAG\master_sources_pdf\riigikontroll_haridusliku_erivajadusega_noorte_kutseopingute_ja_tooturule_.pdf","source_id_sidecar","315abbf50c92f0ea88ecdcae8fdf534bc8a69b5717fe809efdf292d4c7a08a40","954261",""
"riigikontroll_toovoime_vahenemise_ennetamine","Töövõime vähenemise ennetamine","https://www.riigikontroll.ee/sites/default/files/documents/2025-11/18277_RKTR_5564_2-1.4_2308_001-2.pdf","LOCAL_FILE_EXISTS","C:\Users\rauds\Desktop\SotsiaalAI\docs\Andmebaas\RAG\master_sources_pdf\riigikontroll_toovoime_vahenemise_ennetamine.pdf","source_id_sidecar","bc461e44cfd5caa757c948cfa92590863a878c3b06c790db26754c26f1954d78","1079835",""
"vordoigusvolinik_vordoiguslikkus_eestis_2024","Võrdõiguslikkus Eestis 2024","https://www.volinik.ee/volinik-live-web-prd/s3fs-public/2025-06/V%C3%B5rd%C3%B5igusvoliniku-aastaraamat-2024_1.pdf","LOCAL_FILE_EXISTS","C:\Users\rauds\Desktop\SotsiaalAI\docs\Andmebaas\RAG\master_sources_pdf\vordoigusvolinik_vordoiguslikkus_eestis_2024.pdf","source_id_sidecar","2c85c0cc6f138e52f365c63338e7f986fc18982587cc438dfb4e786a23f096a8","8512671",""
"vordoigusvolinik_voin_olla_puudega_laste_piltsonastik_puuetest","Võin olla puudega – laste piltsõnastik puuetest","https://www.volinik.ee/volinik-live-web-prd/s3fs-public/2026-01/piltsonastiku-veebiversioon2.pdf","LOCAL_FILE_EXISTS","C:\Users\rauds\Desktop\SotsiaalAI\docs\Andmebaas\RAG\master_sources_pdf\vordoigusvolinik_voin_olla_puudega_laste_piltsonastik_puuetest.pdf","source_id_sidecar","e49ddfa8ea15bd8b6d4cd34e8854ea7d56e793da1de7e4354814646849a2155f","3176547",""
"vordoigusvolinik_juhendmaterjal_karjaarispetsialistidele","Juhendmaterjal karjäärispetsialistidele","https://www.volinik.ee/volinik-live-web-prd/s3fs-public/2024-02/BREAK-KARJA%CC%88A%CC%88RISPETS-44lk_A4_EST.pdf","LOCAL_FILE_EXISTS","C:\Users\rauds\Desktop\SotsiaalAI\docs\Andmebaas\RAG\master_sources_pdf\vordoigusvolinik_juhendmaterjal_karjaarispetsialistidele.pdf","source_id_sidecar","2010313af549b1679cd6559eb044af1be3dfd49fa975d3574507e2292c7773fa","6284868",""
"vordoigusvolinik_voliniku_poole_poordumiste_statistika_2021","Voliniku poole pöördumiste statistika 2021","https://volinik.ee/volinik-live-web-prd/s3fs-public/wp-content/uploads/2022/06/Volinik_2021_ulevaade.pdf","LOCAL_FILE_EXISTS","C:\Users\rauds\Desktop\SotsiaalAI\docs\Andmebaas\RAG\master_sources_pdf\vordoigusvolinik_voliniku_poole_poordumiste_statistika_2021.pdf","source_id_sidecar","8658477e608ab59b565196c5cd0c9fa6889572076b4db1fac78fe193872bda85","811639",""
"vordoigusvolinik_arvamus_toovoimetuslehe_teemal","Arvamus töövõimetuslehe teemal","https://volinik.ee/volinik-live-web-prd/s3fs-public/2023-08/Arvamus-nr-44_To%CC%88o%CC%88vo%CC%83imetusleht.pdf","LOCAL_FILE_EXISTS","C:\Users\rauds\Desktop\SotsiaalAI\docs\Andmebaas\RAG\master_sources_pdf\vordoigusvolinik_arvamus_toovoimetuslehe_teemal.pdf","source_id_sidecar","92b98d6e12c74a80222d31bd8f9589245af549b6b120ffcb3c05580a23b937a4","170932",""
"tootukassa_ska_sotsiaalministeerium_puude_raskusastme_tuvastamise_ja_toovoime_hindamise_taotlus_","Puude raskusastme tuvastamise ja töövõime hindamise taotlus – tööealine","https://www.sotsiaalkindlustusamet.ee/sites/default/files/documents/2023-07/toovoime_hindamine_ja_puude_raskusastme_tuvastamise_taotlus.pdf","LOCAL_FILE_EXISTS","C:\Users\rauds\Desktop\SotsiaalAI\docs\Andmebaas\RAG\master_sources_pdf\tootukassa_ska_sotsiaalministeerium_puude_raskusastme_tuvastamise_ja_toovoime_hindamise_taotlus_.pdf","source_id_sidecar","127c63cf9363996b0a7d98ec5ecc596e541a0a977e2a55e055e98e06017b207e","498125",""
"tootukassa_ska_sotsiaalministeerium_kes_aitab_ja_kuhu_poorduda_kui_vajad_tooealisena_tuge","Kes aitab ja kuhu pöörduda, kui vajad tööealisena tuge?","https://www.sotsiaalkindlustusamet.ee/sites/default/files/documents/2026-02/puudeta-tooealisele.pdf","DOWNLOAD_FAILED","","","","","HTTP 404"
"tootukassa_ska_sotsiaalministeerium_kes_aitab_ja_kuhu_poorduda_kui_sul_on_tuvastatud_puude_rasku","Kes aitab ja kuhu pöörduda, kui sul on tuvastatud puude raskusaste?","https://sotsiaalkindlustusamet.ee/sites/default/files/documents/2025-02/puudega-tooealisele.pdf","LOCAL_FILE_EXISTS","C:\Users\rauds\Desktop\SotsiaalAI\docs\Andmebaas\RAG\master_sources_pdf\tootukassa_ska_sotsiaalministeerium_kes_aitab_ja_kuhu_poorduda_kui_sul_on_tuvastatud_puude_rasku.pdf","source_id_sidecar","915e76206d176dc4f639209a1de1afb3b269b6ac1f3145a6951b5909cd1e191e","461986",""
"tootukassa_ska_sotsiaalministeerium_star_strateegia_2026_2030","STAR strateegia 2026–2030","https://sotsiaalkindlustusamet.ee/sites/default/files/documents/2026-03/Lisa%201_Sotsiaalteenuste%20ja%20-toetuste%20andmeregistri%20strateegia%20aastateks%202026-2030.pdf","LOCAL_FILE_EXISTS","C:\Users\rauds\Desktop\SotsiaalAI\docs\Andmebaas\RAG\master_sources_pdf\tootukassa_ska_sotsiaalministeerium_star_strateegia_2026_2030.pdf","source_id_sidecar","ad5a86fdcd8d6cc28e5e09122fe5d3bbf8332b2d97923fa8d72580555c20bdd8","1700378",""
"tootukassa_ska_sotsiaalministeerium_star_strateegia_tegevused_2026_2029","STAR strateegia tegevused 2026–2029","https://sotsiaalkindlustusamet.ee/sites/default/files/documents/2026-03/Lisa%203_STAR%20strateegia%20tegevused_0.pdf","LOCAL_FILE_EXISTS","C:\Users\rauds\Desktop\SotsiaalAI\docs\Andmebaas\RAG\master_sources_pdf\tootukassa_ska_sotsiaalministeerium_star_strateegia_tegevused_2026_2029.pdf","source_id_sidecar","c86811b344d76e17a3d2f2c0baaa3860d255995645468f6ebfa5f5a9d1fe726e","799109",""
"tootukassa_ska_sotsiaalministeerium_toovoime_toetamise_skeemi_loomise_ja_juurutamise_vahehindami","Töövõime toetamise skeemi loomise ja juurutamise vahehindamise lõpparuanne","https://mkm.ee/sites/default/files/documents/2023-07/T%C3%B6%C3%B6v%C3%B5ime%20toetamise%20skeemi%20loomise%20ja%20juurutamise%20vahehindamise%20l%C3%B5pparuanne.pdf","LOCAL_FILE_EXISTS","C:\Users\rauds\Desktop\SotsiaalAI\docs\Andmebaas\RAG\master_sources_pdf\tootukassa_ska_sotsiaalministeerium_toovoime_toetamise_skeemi_loomise_ja_juurutamise_vahehindami.pdf","source_id_sidecar","a73c800759affa63f4c824c9eeb52dcb211ed578066c3a59634cf4434c8aee9d","2301473",""
"tootukassa_ska_sotsiaalministeerium_toovoime_toetamise_skeemi_loomise_ja_juurutamise_vahehindami_2","Töövõime toetamise skeemi loomise ja juurutamise vahehindamise infoleht","https://mkm.ee/sites/default/files/documents/2023-07/T%C3%B6%C3%B6v%C3%B5ime%20toetamise%20skeemi%20loomise%20ja%20juurutamise%20vahehindamise%20infoleht.pdf","LOCAL_FILE_EXISTS","C:\Users\rauds\Desktop\SotsiaalAI\docs\Andmebaas\RAG\master_sources_pdf\tootukassa_ska_sotsiaalministeerium_toovoime_toetamise_skeemi_loomise_ja_juurutamise_vahehindami_2.pdf","source_id_sidecar","13f4642c14df48b6f4dd274e457378fca40abb2d39de0a8f66b4ba3322dbb16f","201323",""
"tootukassa_ska_sotsiaalministeerium_toovoime_toetamise_susteemi_loomise_ja_juurutamise_makromaja","Töövõime toetamise süsteemi loomise ja juurutamise makromajandusliku mõju hindamine","https://www.mkm.ee/sites/default/files/documents/2023-07/T%C3%B6%C3%B6v%C3%B5ime%20toetamise%20s%C3%BCsteemi%20loomise%20ja%20juurutamise%20makromajandusliku%20m%C3%B5ju%20hindamine%20l%C3%B5pparuanne%20%282%29.pdf","LOCAL_FILE_EXISTS","C:\Users\rauds\Desktop\SotsiaalAI\docs\Andmebaas\RAG\master_sources_pdf\tootukassa_ska_sotsiaalministeerium_toovoime_toetamise_susteemi_loomise_ja_juurutamise_makromaja.pdf","source_id_sidecar","d98001bb5d49d314c557a6dfa4db6d489a3c29d24baea04d095eca4469dcbf66","8438466",""
"tootukassa_ska_sotsiaalministeerium_tooandjate_hoiakud_vahenenud_toovoimega_inimeste_tootamise_s","Tööandjate hoiakud vähenenud töövõimega inimeste töötamise suhtes","https://mkm.ee/sites/default/files/documents/2023-07/2021_tvrtooandjateuuringuloppraport.pdf","LOCAL_FILE_EXISTS","C:\Users\rauds\Desktop\SotsiaalAI\docs\Andmebaas\RAG\master_sources_pdf\tootukassa_ska_sotsiaalministeerium_tooandjate_hoiakud_vahenenud_toovoimega_inimeste_tootamise_s.pdf","source_id_sidecar","fe8a9eac18b07784dd9273727bd74dc80d9770233816d1b63eda7ece8417759e","4633212",""
"tootukassa_ska_sotsiaalministeerium_teadlikkus_ja_hoiakud_vahenenud_toovoimega_inimeste_ning_too","Teadlikkus ja hoiakud vähenenud töövõimega inimeste ning töövõimereformi teemal","https://mkm.ee/sites/default/files/documents/2023-07/2017_tvr_koondraport.pdf","LOCAL_FILE_EXISTS","C:\Users\rauds\Desktop\SotsiaalAI\docs\Andmebaas\RAG\master_sources_pdf\tootukassa_ska_sotsiaalministeerium_teadlikkus_ja_hoiakud_vahenenud_toovoimega_inimeste_ning_too.pdf","source_id_sidecar","cb92e400cdf0f88699fd5e6df3d3f4451012eca5b90a503f1193c83adb8a4dc3","6851264",""
"harno_juhendmaterjal_opilase_toetamiseks_koolis","Juhendmaterjal õpilase toetamiseks koolis","https://harno.ee/sites/default/files/documents/2023-03/Juhendmaterjal_6pilase_toetamiseks_22_1.pdf","LOCAL_FILE_EXISTS","C:\Users\rauds\Desktop\SotsiaalAI\docs\Andmebaas\RAG\master_sources_pdf\harno_juhendmaterjal_opilase_toetamiseks_koolis.pdf","source_id_sidecar","fe0e545a83af19897cd91d674eed8120e181ac576099994414f70ab349b662af","415633",""
"harno_opilase_toetamine_koolis_varasem_versioon","Õpilase toetamine koolis (varasem versioon)","https://harno.ee/sites/default/files/documents/2022-02/Juhendmaterjal_6pilase_toetamiseks_22.pdf","LOCAL_FILE_EXISTS","C:\Users\rauds\Desktop\SotsiaalAI\docs\Andmebaas\RAG\master_sources_pdf\harno_opilase_toetamine_koolis_varasem_versioon.pdf","source_id_sidecar","4cd50cad848a79f55137e31787ad8f43397b961637817b1c6c1ba713db15f213","422261",""
"harno_koolitootajad_jms_toetav_susteemne_lahenemine","Koolitöötajad jms toetav süsteemne lähenemine","https://harno.ee/sites/default/files/documents/2022-01/Koolitootajad%20jms%20toetav%20s%C3%BCsteemne%20lahenemine_abimaterjal_kujundatud.pdf","LOCAL_FILE_EXISTS","C:\Users\rauds\Desktop\SotsiaalAI\docs\Andmebaas\RAG\master_sources_pdf\harno_koolitootajad_jms_toetav_susteemne_lahenemine.pdf","source_id_sidecar","536222c5998b406b22aa6f7a3e63f35491f7b6d16fa92521deb99d3c8b346cde","738472",""
"harno_opitulemuste_vahendamine_asendamine_ja_kohustusliku_oppeaine","Õpitulemuste vähendamine, asendamine ja kohustusliku õppeaine õppimisest vabastamine","https://harno.ee/sites/default/files/documents/2022-02/V2hendamine_2022.pdf","LOCAL_FILE_EXISTS","C:\Users\rauds\Desktop\SotsiaalAI\docs\Andmebaas\RAG\master_sources_pdf\harno_opitulemuste_vahendamine_asendamine_ja_kohustusliku_oppeaine.pdf","source_id_sidecar","3c36e2568123e883308855fa62047399b863006d0745db2dcaaab6200c21d172","1413642",""
"harno_erinevate_oppijate_toetamine_opetaja_ja_tugispetsialisti_koo","Erinevate õppijate toetamine õpetaja ja tugispetsialisti koostöös","https://harno.ee/sites/default/files/documents/2022-01/ErinevateOppijateToetamine_2021.pdf","LOCAL_FILE_EXISTS","C:\Users\rauds\Desktop\SotsiaalAI\docs\Andmebaas\RAG\master_sources_pdf\harno_erinevate_oppijate_toetamine_opetaja_ja_tugispetsialisti_koo.pdf","source_id_sidecar","c0e3f47ffd43f60d3f906ed923abd921643e7e6b5746c898430069132cdf678f","1805686",""
"harno_opilase_individuaalsuse_arvestamine_voimetekohase_oppe_tagam","Õpilase individuaalsuse arvestamine võimetekohase õppe tagamisel","https://harno.ee/sites/default/files/documents/2022-01/Individuaalsuse%20arvestamine%20j%C3%B5ukohase%20%C3%B5ppe%20tagamisel%2022.pdf","LOCAL_FILE_EXISTS","C:\Users\rauds\Desktop\SotsiaalAI\docs\Andmebaas\RAG\master_sources_pdf\harno_opilase_individuaalsuse_arvestamine_voimetekohase_oppe_tagam.pdf","source_id_sidecar","f8592e901ea99670d15669ec0c84563234934958a19fda1c4580bd55314bd65d","705091",""
"harno_4_sammu_markamiseks_ja_sekkumiseks_opetajale","4 sammu märkamiseks ja sekkumiseks õpetajale","https://harno.ee/sites/default/files/documents/2021-06/juhend%20%C3%B5petajatele-%20vaimse_tervise_nouanded_17.05.pdf","LOCAL_FILE_EXISTS","C:\Users\rauds\Desktop\SotsiaalAI\docs\Andmebaas\RAG\master_sources_pdf\harno_4_sammu_markamiseks_ja_sekkumiseks_opetajale.pdf","source_id_sidecar","30aa53385b39d4971d217a3460fb51488437f01a4d81b9c98dafbb5067e643a9","539203",""
"harno_juhend_laagritele_ja_malevatele_vaimse_tervise_nouanded","Juhend laagritele ja malevatele: vaimse tervise nõuanded","https://harno.ee/sites/default/files/documents/2021-06/juhend%20laagritele%20jamalevatele-vaimse_tervise_nouanded_laagrid-malevad_14.06.2021.pdf","LOCAL_FILE_EXISTS","C:\Users\rauds\Desktop\SotsiaalAI\docs\Andmebaas\RAG\master_sources_pdf\harno_juhend_laagritele_ja_malevatele_vaimse_tervise_nouanded.pdf","source_id_sidecar","2bf0c28bbba80d2df3801caede24bcf4b1775ca5966ee31a2a511c95f5f1bc4a","128780",""
"harno_soovitused_kiusamise_valtimiseks_koolis","Soovitused kiusamise vältimiseks koolis","https://harno.ee/sites/default/files/documents/2022-03/Koolidele%20toeks%20kiusuennetuses%20m%C3%A4rts-2022.pdf","LOCAL_FILE_EXISTS","C:\Users\rauds\Desktop\SotsiaalAI\docs\Andmebaas\RAG\master_sources_pdf\harno_soovitused_kiusamise_valtimiseks_koolis.pdf","source_id_sidecar","fee3acef21e49c58c6557ec126651ae793013b462e57005ad3255aa7fb109c19","271214",""
"harno_kutseoppeasutuste_veebilehtede_ja_haridusinfoportaali_analuu","Kutseõppeasutuste veebilehtede ja haridusinfoportaali analüüs","https://harno.ee/sites/default/files/documents/2021-04/Kutse%C3%B5ppeasutuste%20veebilehtede%20ja%20haridusinfoportaali%20anal%C3%BC%C3%BCs.pdf","LOCAL_FILE_EXISTS","C:\Users\rauds\Desktop\SotsiaalAI\docs\Andmebaas\RAG\master_sources_pdf\harno_kutseoppeasutuste_veebilehtede_ja_haridusinfoportaali_analuu.pdf","source_id_sidecar","1e3e08a5371ef135930c72bab2341bfbe2fa1c641a56c912772c7afc30c2388b","314036",""
"harno_oppekeelest_erineva_emakeelega_opilane_koolis","Õppekeelest erineva emakeelega õpilane koolis","https://harno.ee/sites/default/files/documents/2022-09/252_Soll_2011_Oppekeelest_erineva_emakeelega_opilane_koolis.pdf","LOCAL_FILE_EXISTS","C:\Users\rauds\Desktop\SotsiaalAI\docs\Andmebaas\RAG\master_sources_pdf\harno_oppekeelest_erineva_emakeelega_opilane_koolis.pdf","source_id_sidecar","215bd2c8faf12815e8f6ecb79b80963583d9caa06c89648f7a93373901448c92","1108485",""
"paasteamet_tuleohutuse_infohommik_mida_iga_hoolekandeasutus_peab_teadma","Tuleohutuse infohommik: mida iga hoolekandeasutus peab teadma?","https://www.rescue.ee/files/Materjalid/2025.04.29hoolekandeasutused-infohommik.pdf","LOCAL_FILE_EXISTS","C:\Users\rauds\Desktop\SotsiaalAI\docs\Andmebaas\RAG\master_sources_pdf\paasteamet_tuleohutuse_infohommik_mida_iga_hoolekandeasutus_peab_teadma.pdf","source_id_sidecar","21c8972687fbd26b23049675e3587080cbe396dfd838faae9c0ff3df2a24281b","13996446",""
"paasteamet_haiglate_ja_hooldekodude_projekteerimise_juhis","Haiglate ja hooldekodude projekteerimise juhis","https://www.rescue.ee/files/2018-09/haiglate-ja-hooldekodude-projekteerimise-juhis-small-.pdf","LOCAL_FILE_EXISTS","C:\Users\rauds\Desktop\SotsiaalAI\docs\Andmebaas\RAG\master_sources_pdf\paasteamet_haiglate_ja_hooldekodude_projekteerimise_juhis.pdf","source_id_sidecar","be0e366c9448dbbfd8e46afcc4ab16ce4ff041eb7cdfecc1c8b1bd1fc1a4639e","5743112",""
"paasteamet_evakuatsioonijuhi_koolitusmaterjal","Evakuatsioonijuhi koolitusmaterjal","https://www.rescue.ee/files/2019-03/1552567704_evakuatsioonijuhile.pdf","LOCAL_FILE_EXISTS","C:\Users\rauds\Desktop\SotsiaalAI\docs\Andmebaas\RAG\master_sources_pdf\paasteamet_evakuatsioonijuhi_koolitusmaterjal.pdf","source_id_sidecar","8d0f5adb72adb133a5f28f4ed670514f940a60079d4883aef833d48f305e91ec","1320340",""
"paasteamet_juhendmaterjal_praktilise_valjaoppe_labiviimiseks_haiglas_ja","Juhendmaterjal praktilise väljaõppe läbiviimiseks haiglas ja hooldekodus","https://www.rescue.ee/files/2019-03/praktilise-v-ljaoppe-juhendmaterjal-praktilise-oppe-labiviimiseks-haiglas-ja-hooldekodus.pdf","LOCAL_FILE_EXISTS","C:\Users\rauds\Desktop\SotsiaalAI\docs\Andmebaas\RAG\master_sources_pdf\paasteamet_juhendmaterjal_praktilise_valjaoppe_labiviimiseks_haiglas_ja.pdf","source_id_sidecar","618d4e9ebd29b801c0584be163a6c1ec3407a279fb1893256674ca1c5c0ee8ea","1794488",""
"paasteamet_paasteameti_meelespea_kohalikule_omavalitsusele","Päästeameti meelespea kohalikule omavalitsusele","https://www.rescue.ee/files/Materjalid/2022-paasteameti-meelespea-kohalikule-omavalitsusele.pdf","LOCAL_FILE_EXISTS","C:\Users\rauds\Desktop\SotsiaalAI\docs\Andmebaas\RAG\master_sources_pdf\paasteamet_paasteameti_meelespea_kohalikule_omavalitsusele.pdf","source_id_sidecar","dbcfcabb9e2bd788ec2f3fe972cb9561178db334b691a54ed021e076a346c56c","10182113",""
"paasteamet_paastevorgustiku_strateegia_aastani_2025","Päästevõrgustiku strateegia aastani 2025","https://www.rescue.ee/files/dokumendid/paastevorgustiku-strateegia-aastani-2025-est.pdf","LOCAL_FILE_EXISTS","C:\Users\rauds\Desktop\SotsiaalAI\docs\Andmebaas\RAG\master_sources_pdf\paasteamet_paastevorgustiku_strateegia_aastani_2025.pdf","source_id_sidecar","d8094ac8460ccda66fd6ae43bdc6150f1e956f91b3ccb2e10576acf7407a3a8b","1729643",""
"paasteamet_ehituslike_tuleohutusnouete_kokkuvote","Ehituslike tuleohutusnõuete kokkuvõte","https://www.rescue.ee/files/2020-09/est-rgb.pdf","LOCAL_FILE_EXISTS","C:\Users\rauds\Desktop\SotsiaalAI\docs\Andmebaas\RAG\master_sources_pdf\paasteamet_ehituslike_tuleohutusnouete_kokkuvote.pdf","source_id_sidecar","231d778a92d010e41d6cdc9af935931e72dee8ccc12af9dc3e8d9726d408f2ab","6588568",""
"paasteamet_tuleohutuskonsultandi_koolitusmaterjal","Tuleohutuskonsultandi koolitusmaterjal","https://www.rescue.ee/files/2019-03/tuleohutuskonsultandile.pdf","LOCAL_FILE_EXISTS","C:\Users\rauds\Desktop\SotsiaalAI\docs\Andmebaas\RAG\master_sources_pdf\paasteamet_tuleohutuskonsultandi_koolitusmaterjal.pdf","source_id_sidecar","cbf7fe568a28f4fc2497ceb96024678d46df2922e2c8f6737825fba5f7fe6ef1","6609027",""
"paasteamet_enesekontrolli_tuleohutusaruanne","Enesekontrolli tuleohutusaruanne","https://www.rescue.ee/files/2018-10/1539949760_-.pdf","LOCAL_FILE_EXISTS","C:\Users\rauds\Desktop\SotsiaalAI\docs\Andmebaas\RAG\master_sources_pdf\paasteamet_enesekontrolli_tuleohutusaruanne.pdf","source_id_sidecar","77c161e0b044f9f8fd33a56ce55e08b448303a4d2326947a0e87bbf905f51c30","1609404",""
"peaasi_ee_koolilaste_ja_noorte_vaimne_tervis","Koolilaste ja noorte vaimne tervis","https://peaasi.ee/wp-content/uploads/2014/11/Laste-vaimne-tervis-koolis.pdf","LOCAL_FILE_EXISTS","C:\Users\rauds\Desktop\SotsiaalAI\docs\Andmebaas\RAG\master_sources_pdf\peaasi_ee_koolilaste_ja_noorte_vaimne_tervis.pdf","source_id_sidecar","9fc1e42ef514df9036bef7ca14c97c766ca7720d512cb86e922fad94a6fc5667","443383",""
"peaasi_ee_vaimse_tervise_hoidmine_4_7_klass","Vaimse tervise hoidmine (4.–7. klass)","https://peaasi.ee/wp-content/uploads/2018/11/Tunnikava-4-7kl-vaimne-tervis.pdf","LOCAL_FILE_EXISTS","C:\Users\rauds\Desktop\SotsiaalAI\docs\Andmebaas\RAG\master_sources_pdf\peaasi_ee_vaimse_tervise_hoidmine_4_7_klass.pdf","source_id_sidecar","122a7892f562293a3c4b39d79357044f96197663ffe22ec40a2fad03c4d1a771","269798",""
"peaasi_ee_vaimse_tervise_hoidmine_8_12_klass","Vaimse tervise hoidmine (8.–12. klass)","https://peaasi.ee/wp-content/uploads/2018/11/Tunnikava-8-12kl-vaimne-tervis.pdf","LOCAL_FILE_EXISTS","C:\Users\rauds\Desktop\SotsiaalAI\docs\Andmebaas\RAG\master_sources_pdf\peaasi_ee_vaimse_tervise_hoidmine_8_12_klass.pdf","source_id_sidecar","d510f9a01618e45a48e3def2df62a588613592ea78278fee891e5c11fa9a1a71","265889",""
"peaasi_ee_stigma_8_12_klass","Stigma (8.–12. klass)","https://peaasi.ee/wp-content/uploads/2018/11/Tunnikava-8-12kl-stigma.pdf","LOCAL_FILE_EXISTS","C:\Users\rauds\Desktop\SotsiaalAI\docs\Andmebaas\RAG\master_sources_pdf\peaasi_ee_stigma_8_12_klass.pdf","source_id_sidecar","84211fd4fb8781435a840dd0371f8dfaad6ec82dc95c4ca7b759baf447cde1c3","531279",""
"peaasi_ee_peaasi_ee_haridus","Peaasi.ee Haridus","https://peaasi.ee/wp-content/uploads/2023/10/Peaasi.ee-Haridus.pdf","LOCAL_FILE_EXISTS","C:\Users\rauds\Desktop\SotsiaalAI\docs\Andmebaas\RAG\master_sources_pdf\peaasi_ee_peaasi_ee_haridus.pdf","source_id_sidecar","d20d2a11872ebe2a812893be1aa63d4ec067a80d4231fdd3dfa1fd63951800ee","55325",""
"praxis_centar_taiskasvanud_erivajadusega_inimeste_abivajaduse_hindamine_ja","Täiskasvanud erivajadusega inimeste abivajaduse hindamine ja teenuste osutamine","https://www.praxis.ee/uploads/2020/05/Erivajadustega-inimeste-abivajaduse-hindamine-ja-teenuste-osutamine_lo%CC%83ppraport_10.02.pdf","LOCAL_FILE_EXISTS","C:\Users\rauds\Desktop\SotsiaalAI\docs\Andmebaas\RAG\master_sources_pdf\praxis_centar_taiskasvanud_erivajadusega_inimeste_abivajaduse_hindamine_ja.pdf","source_id_sidecar","97527d27aa7498e446e61248c5d1d71402c3b0967ef7ca48b57d9e275a9d5ebd","1855492",""
"praxis_centar_taiskasvanud_erivajadusega_inimeste_abivajaduse_hindamine_ja_2","Täiskasvanud erivajadusega inimeste abivajaduse hindamine ja teenuste osutamine – lühikokkuvõte","https://www.praxis.ee/uploads/2020/05/Luhikokkuvote-abivajaduse-hindamise-raportist.pdf","LOCAL_FILE_EXISTS","C:\Users\rauds\Desktop\SotsiaalAI\docs\Andmebaas\RAG\master_sources_pdf\praxis_centar_taiskasvanud_erivajadusega_inimeste_abivajaduse_hindamine_ja_2.pdf","source_id_sidecar","0d9a52da16e799c34fe097a1050f6aa157d94600e91fa053f5cfbdade31e69c7","707881",""
"praxis_centar_sotsiaalne_innovatsioon_pikaajalises_hoolduses","Sotsiaalne innovatsioon pikaajalises hoolduses","https://www.praxis.ee/uploads/2015/10/Sotsiaalne-innovatsioon-pikaajalises-hoolduses.pdf","LOCAL_FILE_EXISTS","C:\Users\rauds\Desktop\SotsiaalAI\docs\Andmebaas\RAG\master_sources_pdf\praxis_centar_sotsiaalne_innovatsioon_pikaajalises_hoolduses.pdf","source_id_sidecar","97ccc644ad76c201be085385e55fbb49f6f12507522c80ae80d21bb9b8ee0d27","740480",""
"praxis_centar_vanemaealiste_ja_eakate_toimetuleku_uuring_2015","Vanemaealiste ja eakate toimetuleku uuring 2015","https://www.praxis.ee/uploads/2016/03/VEU2015-l%C3%B5pparuanne_TNSEmorSAPraxis_07122015.pdf","LOCAL_FILE_EXISTS","C:\Users\rauds\Desktop\SotsiaalAI\docs\Andmebaas\RAG\master_sources_pdf\praxis_centar_vanemaealiste_ja_eakate_toimetuleku_uuring_2015.pdf","source_id_sidecar","e60408f0270e1a43e8ed890685d781ab28acf1db6fe60f56f0fb56a251085d8e","5678876",""
"praxis_centar_terviseseisundist_voi_puudest_tingitud_erivajadustega_noorte","Terviseseisundist või puudest tingitud erivajadustega noorte siirdumine koolist tööle","https://www.praxis.ee/uploads/2015/06/Erivajadustega-noorte-siirdumine-koolist-toole.pdf","LOCAL_FILE_EXISTS","C:\Users\rauds\Desktop\SotsiaalAI\docs\Andmebaas\RAG\master_sources_pdf\praxis_centar_terviseseisundist_voi_puudest_tingitud_erivajadustega_noorte.pdf","source_id_sidecar","a75852ca8cf6df7e4c1946da7a847c37bc662d1ea0465dd0c89ca77b5e7fb432","2235390",""
"praxis_centar_lapsendamise_ja_hooldusperre_paigutamise_jargne_hindamine_lo","Lapsendamise ja hooldusperre paigutamise järgne hindamine / lõpparuanne","https://www.praxis.ee/uploads/2020/12/Lo%CC%83pparuanne_20.11.20.pdf","LOCAL_FILE_EXISTS","C:\Users\rauds\Desktop\SotsiaalAI\docs\Andmebaas\RAG\master_sources_pdf\praxis_centar_lapsendamise_ja_hooldusperre_paigutamise_jargne_hindamine_lo.pdf","source_id_sidecar","caa4446b72c83412732bee94ecfeea3c16fb27cedf3711187ce233649d3f7375","1789167",""
"praxis_centar_kohaliku_omavalitsuse_poolt_isikult_ja_voi_perekonnalt_sotsi","Kohaliku omavalitsuse poolt isikult ja/või perekonnalt sotsiaalteenuste eest tasu nõudmine","https://praxis.ee/uploads/2014/08/Kohaliku-omavalitsuse-poolt-isikult-jav%C3%B5i-perekonnalt-sotsiaalteenuste-eest-tasu-n%C3%B5udmine.pdf","LOCAL_FILE_EXISTS","C:\Users\rauds\Desktop\SotsiaalAI\docs\Andmebaas\RAG\master_sources_pdf\praxis_centar_kohaliku_omavalitsuse_poolt_isikult_ja_voi_perekonnalt_sotsi.pdf","source_id_sidecar","8fbe360747abf16e4a38255f06bbbf688f8320b4e61b3e53586249aade26c17f","2790577",""
"praxis_centar_ska_ja_kovid_loppraport","SKA ja KOVid – lõppraport","https://centar.ee/pdf/ee/2023_SKA%20ja%20KOVid_Loppraport_avaldamiseks.pdf","LOCAL_FILE_EXISTS","C:\Users\rauds\Desktop\SotsiaalAI\docs\Andmebaas\RAG\master_sources_pdf\praxis_centar_ska_ja_kovid_loppraport.pdf","source_id_sidecar","4a34f1560bbc52d2ff38051d4b0c3de4b9e774acf0ad50ee11a1e981e4479e62","552413",""
"praxis_centar_puudega_lastega_perede_toimetuleku_ja_vajaduste_uuring","Puudega lastega perede toimetuleku ja vajaduste uuring","https://centar.ee/pdf/ee/2017_Puudega_lastega_perede_toimetuleku_ja_vajaduste_uuring.pdf","LOCAL_FILE_EXISTS","C:\Users\rauds\Desktop\SotsiaalAI\docs\Andmebaas\RAG\master_sources_pdf\praxis_centar_puudega_lastega_perede_toimetuleku_ja_vajaduste_uuring.pdf","source_id_sidecar","25efef954fcf900a7fa4e79ac4a4310412a2226b31b9e6e0842a8581027477c7","12064458",""
"praxis_centar_toovoime_toetamise_susteemi_loomise_ja_juurutamise_makromaja","Töövõime toetamise süsteemi loomise ja juurutamise makromajandusliku mõju hindamine – metoodikaraport","https://centar.ee/pdf/ee/2022_Toovoime_toetamise_susteemi_loomise_ja_juurutamise_makromajandusliku_moju_hindamine_metoodikaraport.pdf","LOCAL_FILE_EXISTS","C:\Users\rauds\Desktop\SotsiaalAI\docs\Andmebaas\RAG\master_sources_pdf\praxis_centar_toovoime_toetamise_susteemi_loomise_ja_juurutamise_makromaja.pdf","source_id_sidecar","e329af5cf462a1534adf114831c555c4cde7f5655866647abc9d5b6cedb17fba","785707",""
"praxis_centar_raviresistentse_ja_suitsiidse_depressiooni_levimus_ning_maja","Raviresistentse ja suitsiidse depressiooni levimus ning majanduslik mõju","https://centar.ee/pdf/ee/2021_Raviresistentse_ja_suitsiidse_depressiooni_levimus_ja_majanduslik_moju.pdf","LOCAL_FILE_EXISTS","C:\Users\rauds\Desktop\SotsiaalAI\docs\Andmebaas\RAG\master_sources_pdf\praxis_centar_raviresistentse_ja_suitsiidse_depressiooni_levimus_ning_maja.pdf","source_id_sidecar","b254252e066678677ac8fe05d847c57b59f5d3aac7132ec22bdaae7b596e3d17","7201839",""
"sotsiaalkindlustusamet_naiste_tugikeskuse_teenuse_kvaliteedijuhis","Naiste tugikeskuse teenuse kvaliteedijuhis","https://sotsiaalkindlustusamet.ee/sites/default/files/documents/2023-02/NTK%20teenuse%20kvaliteedijuhis.pdf","LOCAL_FILE_EXISTS","C:\Users\rauds\Desktop\SotsiaalAI\docs\Andmebaas\RAG\master_sources_pdf\sotsiaalkindlustusamet_naiste_tugikeskuse_teenuse_kvaliteedijuhis.pdf","source_id_sidecar","99d3a928557bd60194c9f3977e6896e20ea9cfe0bee8c0f0fbea87614123c728","450186",""
"sotsiaalkindlustusamet_naiste_tugikeskuste_2021_aasta_kogemusuuringu_aruanne","Naiste tugikeskuste 2021. aasta kogemusuuringu aruanne","https://sotsiaalkindlustusamet.ee/sites/default/files/documents/2022-10/ntk_2021_kogemusuuringu_aruanne.pdf","LOCAL_FILE_EXISTS","C:\Users\rauds\Desktop\SotsiaalAI\docs\Andmebaas\RAG\master_sources_pdf\sotsiaalkindlustusamet_naiste_tugikeskuste_2021_aasta_kogemusuuringu_aruanne.pdf","source_id_sidecar","4fc2677131fd4d9e625dd6a53877d696dfc43478efe2f479a2afe23af22ef58c","1081127",""
"sotsiaalkindlustusamet_ohvriabi_infomaterjalide_kataloog_2026","Ohvriabi infomaterjalide kataloog 2026","https://sotsiaalkindlustusamet.ee/sites/default/files/documents/2026-02/OA%20infomaterjalide%20kataloog%202026.pdf","DOWNLOAD_FAILED","","","","","HTTP 404"
"sotsiaalkindlustusamet_juhendmaterjal_kubervagivallast_ohvritega_tootavatele_spetsi","Juhendmaterjal kübervägivallast ohvritega töötavatele spetsialistidele","https://sotsiaalkindlustusamet.ee/sites/default/files/documents/2024-10/Juhendmaterjal%20k%C3%BCberv%C3%A4givallast%20ohvritega%20t%C3%B6%C3%B6tavatele%20spetsialistidele.pdf","LOCAL_FILE_EXISTS","C:\Users\rauds\Desktop\SotsiaalAI\docs\Andmebaas\RAG\master_sources_pdf\sotsiaalkindlustusamet_juhendmaterjal_kubervagivallast_ohvritega_tootavatele_spetsi.pdf","source_id_sidecar","dac27574f59b92d2469f092c5ebc6269f0fce8f107a3c0b56d84a2bc3f9108eb","730357",""
"sotsiaalkindlustusamet_riskihindamine_lahisuhtevagivalla_juhtumites_tervishoiutoota","Riskihindamine lähisuhtevägivalla juhtumites – tervishoiutöötajatele","https://www.sotsiaalkindlustusamet.ee/sites/default/files/documents/2024-06/Riskihindamine%20l%C3%A4hisuhtev%C3%A4givalla%20juhtumites.pdf","LOCAL_FILE_EXISTS","C:\Users\rauds\Desktop\SotsiaalAI\docs\Andmebaas\RAG\master_sources_pdf\sotsiaalkindlustusamet_riskihindamine_lahisuhtevagivalla_juhtumites_tervishoiutoota.pdf","source_id_sidecar","c24060bf164dde711fb604b768da62ccb36820c29a3980bf878a7fd6e4e402e4","335229",""
"sotsiaalkindlustusamet_perevagivalla_toimepanijatele_suunatud_programmide_euroopa_s","Perevägivalla toimepanijatele suunatud programmide Euroopa standardid","https://sotsiaalkindlustusamet.ee/sites/default/files/documents/2025-12/Perevagivalla%20toimepanijatele%20suunatud%20programmide%20Euroopa%20standardid.pdf","LOCAL_FILE_EXISTS","C:\Users\rauds\Desktop\SotsiaalAI\docs\Andmebaas\RAG\master_sources_pdf\sotsiaalkindlustusamet_perevagivalla_toimepanijatele_suunatud_programmide_euroopa_s.pdf","source_id_sidecar","57fe80902048b35fa5a926b53bd45268f2cffed70e0d72ef42aa97da2433b714","892023",""
"sotsiaalkindlustusamet_marac_i_juhendmaterjal","MARAC-i juhendmaterjal","https://sotsiaalkindlustusamet.ee/sites/default/files/documents/2023-02/MARAC-i%20juhendmaterjal.pdf","LOCAL_FILE_EXISTS","C:\Users\rauds\Desktop\SotsiaalAI\docs\Andmebaas\RAG\master_sources_pdf\sotsiaalkindlustusamet_marac_i_juhendmaterjal.pdf","source_id_sidecar","c7d95277b46ba5b0e1f6fd761bee384f31f080e68b9c148859228c5d1afaf24f","506937",""
"sotsiaalkindlustusamet_marac_i_teavitusleht","MARAC-i teavitusleht","https://sotsiaalkindlustusamet.ee/sites/default/files/documents/2023-03/MARAC%20teavitusleht_30.03.2023.pdf","LOCAL_FILE_EXISTS","C:\Users\rauds\Desktop\SotsiaalAI\docs\Andmebaas\RAG\master_sources_pdf\sotsiaalkindlustusamet_marac_i_teavitusleht.pdf","source_id_sidecar","51e17b4972efac56c55d16ec54856191819b17ea09b4a4dd332012e63313acee","133118",""
"sotsiaalkindlustusamet_marac_i_vorgustiku_mudeli_moju_hindamine_loppraport","MARAC-i võrgustiku mudeli mõju hindamine. Lõppraport","https://sotsiaalkindlustusamet.ee/sites/default/files/documents/2024-01/MARACi%20v%C3%B5rgustiku%20mudeli%20m%C3%B5ju%20hindamine_l%C3%B5ppraport.pdf","LOCAL_FILE_EXISTS","C:\Users\rauds\Desktop\SotsiaalAI\docs\Andmebaas\RAG\master_sources_pdf\sotsiaalkindlustusamet_marac_i_vorgustiku_mudeli_moju_hindamine_loppraport.pdf","source_id_sidecar","3b671cb0faf3e4e26f342c06178a719280926530372db84c9a1034a0e3110d05","7814444",""
"sotsiaalkindlustusamet_evaluation_of_the_impact_of_the_marac_networking_model","Evaluation of the impact of the MARAC networking model","https://sotsiaalkindlustusamet.ee/sites/default/files/documents/2024-09/Evaluation%20of%20the%20impact%20of%20the%20MARAC%20networking%20model.pdf","LOCAL_FILE_EXISTS","C:\Users\rauds\Desktop\SotsiaalAI\docs\Andmebaas\RAG\master_sources_pdf\sotsiaalkindlustusamet_evaluation_of_the_impact_of_the_marac_networking_model.pdf","source_id_sidecar","56b0212bf9a9f9a3b5e9cf71594c6e4c8851d93ae86b64c4833061c992ea89d2","9643163",""
"sotsiaalkindlustusamet_marac_i_mudeli_juhend_kov_lastekaitsele","MARAC-i mudeli juhend KOV lastekaitsele","https://sotsiaalkindlustusamet.ee/sites/default/files/documents/2024-01/MARAC%20mudeli%20juhend%20KOV%20lastekaitsele.pdf","LOCAL_FILE_EXISTS","C:\Users\rauds\Desktop\SotsiaalAI\docs\Andmebaas\RAG\master_sources_pdf\sotsiaalkindlustusamet_marac_i_mudeli_juhend_kov_lastekaitsele.pdf","source_id_sidecar","1962a99d4a97ed3f8b67977901bb509e8ec97dbf75b9e7e201aea62ee129bd6f","870992",""
"sotsiaalkindlustusamet_seksuaalvagivalla_kriisiabikeskusi_tutvustav_voldik_est","Seksuaalvägivalla kriisiabikeskusi tutvustav voldik (EST)","https://sotsiaalkindlustusamet.ee/sites/default/files/documents/2026-01/Ohvriabi%20infovoldik%20SAK%20EST%2Bbleed3mm.pdf","LOCAL_FILE_EXISTS","C:\Users\rauds\Desktop\SotsiaalAI\docs\Andmebaas\RAG\master_sources_pdf\sotsiaalkindlustusamet_seksuaalvagivalla_kriisiabikeskusi_tutvustav_voldik_est.pdf","source_id_sidecar","72bcb2ccd145ef6db931f20ecef8fab002e3c9c5e8481a6464ea6626648a9a49","1091480",""
"sotsiaalkindlustusamet_sexual_assault_crisis_centre_eng","Sexual Assault Crisis Centre (ENG)","https://sotsiaalkindlustusamet.ee/sites/default/files/documents/2026-01/Ohvriabi_infovoldik_SAK_ENG%2Bbleed3mm.pdf","LOCAL_FILE_EXISTS","C:\Users\rauds\Desktop\SotsiaalAI\docs\Andmebaas\RAG\master_sources_pdf\sotsiaalkindlustusamet_sexual_assault_crisis_centre_eng.pdf","source_id_sidecar","e73e0a6402d91939d24a3733b5c9259d04b971065a48550a1f54181436e0631a","1143725",""
"sotsiaalkindlustusamet_rus","Кризисные центры помощи жертвам сексуального насилия (RUS)","https://sotsiaalkindlustusamet.ee/sites/default/files/documents/2026-01/Ohvriabi%20infovoldik%20SAK%20RUS%2Bbleed3mm.pdf","LOCAL_FILE_EXISTS","C:\Users\rauds\Desktop\SotsiaalAI\docs\Andmebaas\RAG\master_sources_pdf\sotsiaalkindlustusamet_rus.pdf","source_id_sidecar","90a2e58be2883a1ea9621db0ba6967d6c696ca48444bde9f063e91ba84cfb645","1180625",""
"sotsiaalkindlustusamet_ua","Кризові центри допомоги жертвам сексуального насильства (UA)","https://sotsiaalkindlustusamet.ee/sites/default/files/documents/2026-01/Ohvriabi%20infovoldik%20SAK%20UA%2Bbleed3mm.pdf","LOCAL_FILE_EXISTS","C:\Users\rauds\Desktop\SotsiaalAI\docs\Andmebaas\RAG\master_sources_pdf\sotsiaalkindlustusamet_ua.pdf","source_id_sidecar","e9979fb82e71647a9ea1f51971236121b3f38413773b2f8c82fa56c7bb8944a1","1152035",""
"sotsiaalkindlustusamet_seksuaalivakivallan_kriisikeskukset_fin","Seksuaaliväkivallan kriisikeskukset (FIN)","https://sotsiaalkindlustusamet.ee/sites/default/files/documents/2026-01/Ohvriabi_infovoldik_SAK_FIN%2Bbleed3mm_0.pdf","LOCAL_FILE_EXISTS","C:\Users\rauds\Desktop\SotsiaalAI\docs\Andmebaas\RAG\master_sources_pdf\sotsiaalkindlustusamet_seksuaalivakivallan_kriisikeskukset_fin.pdf","source_id_sidecar","a4c1136166e574a1944345d3eb2f657f8ec8f2ab60c17389abc969095c64fa1f","1123389",""
"sotsiaalkindlustusamet_seksuaalsest_ahistamisest_vaba_ooelu_juhend","Seksuaalsest ahistamisest vaba ööelu juhend","https://sotsiaalkindlustusamet.ee/sites/default/files/documents/2026-01/Seksuaalsest%20ahistamisest%20vaba%20o%CC%88o%CC%88elu%20juhend%20A4_veeb%20linkidega.pdf","LOCAL_FILE_EXISTS","C:\Users\rauds\Desktop\SotsiaalAI\docs\Andmebaas\RAG\master_sources_pdf\sotsiaalkindlustusamet_seksuaalsest_ahistamisest_vaba_ooelu_juhend.pdf","source_id_sidecar","e8437a96b20dd1368417cecc5b0ff63ac7ed29758cac6f0b838a427e4c940b56","2917669",""
"sotsiaalkindlustusamet_eesti_elanikkonna_teadlikkuse_uuring_soopohise_vagivalla_ja_","Eesti elanikkonna teadlikkuse uuring soopõhise vägivalla ja inimkaubanduse valdkonnas","https://sotsiaalkindlustusamet.ee/sites/default/files/documents/2024-04/Eesti%20elanikkonna%20teadlikkuse%20uuring%20soop%C3%B5hise%20v%C3%A4givalla%20ja%20inimkaubanduse%20valdkonnas.pdf","LOCAL_FILE_EXISTS","C:\Users\rauds\Desktop\SotsiaalAI\docs\Andmebaas\RAG\master_sources_pdf\sotsiaalkindlustusamet_eesti_elanikkonna_teadlikkuse_uuring_soopohise_vagivalla_ja_.pdf","source_id_sidecar","3d16dda85a4c9e64b6d058cc5d9bd3cad9a54bec8f1dffbf24f85cae2edeb407","8741595",""
"sotsiaalkindlustusamet_elanikkonna_hoiakud_ja_teadlikkus_perevagivallast","Elanikkonna hoiakud ja teadlikkus perevägivallast","https://sotsiaalkindlustusamet.ee/sites/default/files/documents/2024-04/Elanikkonna%20hoiakud%20ja%20teadlikkus%20perev%C3%A4givallast.pdf","LOCAL_FILE_EXISTS","C:\Users\rauds\Desktop\SotsiaalAI\docs\Andmebaas\RAG\master_sources_pdf\sotsiaalkindlustusamet_elanikkonna_hoiakud_ja_teadlikkus_perevagivallast.pdf","source_id_sidecar","7a964e52184cd9380a97a3132eb3da020daaec9859618e244cde19d81a8ac9bf","3664054",""
"sotsiaalkindlustusamet_teadlikkus_tugiteenuste_olemasolust_pere_ja_seksuaalvagivall","Teadlikkus tugiteenuste olemasolust pere- ja seksuaalvägivalla ning inimkaubanduse ohvritele","https://sotsiaalkindlustusamet.ee/sites/default/files/documents/2024-04/Teadlikkus%20tugiteenuste%20olemasolust%20pere-%20ja%20seksuaalv%C3%A4givalla%20ning%20inimkaubanduse%20ohvritele.pdf","LOCAL_FILE_EXISTS","C:\Users\rauds\Desktop\SotsiaalAI\docs\Andmebaas\RAG\master_sources_pdf\sotsiaalkindlustusamet_teadlikkus_tugiteenuste_olemasolust_pere_ja_seksuaalvagivall.pdf","source_id_sidecar","e87ed91a1d423e72f1da226d88827d405c8d9ec0efedf5273312933eab12ecf4","1226508",""
"sotsiaalkindlustusamet_hoolekandeteenuste_kvaliteedi_juhendmaterjal","Hoolekandeteenuste kvaliteedi juhendmaterjal","https://www.sotsiaalkindlustusamet.ee/sites/default/files/documents/2024-02/hoolekandeteenuste_kvaliteedi_juhendmaterjal.pdf","LOCAL_FILE_EXISTS","C:\Users\rauds\Desktop\SotsiaalAI\docs\Andmebaas\RAG\master_sources_pdf\sotsiaalkindlustusamet_hoolekandeteenuste_kvaliteedi_juhendmaterjal.pdf","source_id_sidecar","91600ba7bb33f5b3727b0c3effd6caeac6ccdda9a13689d1547dcd807cc57e39","410117",""
"sotsiaalkindlustusamet_abivahendite_teatmik_2025","Abivahendite teatmik 2025","https://sotsiaalkindlustusamet.ee/sites/default/files/documents/2025-02/Abivahendite%20teatmik%202025-1.pdf","LOCAL_FILE_EXISTS","C:\Users\rauds\Desktop\SotsiaalAI\docs\Andmebaas\RAG\master_sources_pdf\sotsiaalkindlustusamet_abivahendite_teatmik_2025.pdf","source_id_sidecar","c86d9a226c3ab910cf0a24f5403fefdb445a67cff540856d1f91e4316e9406b4","639378",""
"sotsiaalkindlustusamet_puue_ja_hoolekanne_ska_aastaraamatu_pdf_osa_2025","Puue ja hoolekanne — SKA aastaraamatu PDF-osa 2025","https://www.sotsiaalkindlustusamet.ee/node/12902/handbook/9/pdf","LOCAL_FILE_EXISTS","C:\Users\rauds\Desktop\SotsiaalAI\docs\Andmebaas\RAG\master_sources_pdf\sotsiaalkindlustusamet_puue_ja_hoolekanne_ska_aastaraamatu_pdf_osa_2025.pdf","source_id_sidecar","f8bdcd4292e8f757201b1e0f51f967636ec150937580bb0b4a36f5937ec01ace","25276499",""
"sotsiaalkindlustusamet_rehabilitatsiooni_teenuseosutajate_infopaeva_materjal","Rehabilitatsiooni teenuseosutajate infopäeva materjal","https://sotsiaalkindlustusamet.ee/sites/default/files/documents/2024-02/rehabilitatsiooni_teenuseosutajate_infopaev_16.10.2020.pdf","LOCAL_FILE_EXISTS","C:\Users\rauds\Desktop\SotsiaalAI\docs\Andmebaas\RAG\master_sources_pdf\sotsiaalkindlustusamet_rehabilitatsiooni_teenuseosutajate_infopaeva_materjal.pdf","source_id_sidecar","0bb15c694acc63a9b0e5ca430cff4ccd05bed27495d8645c129ad458497660e7","3679876",""
"sotsiaalkindlustusamet_lapse_heaolu_hindamise_kasiraamat","Lapse heaolu hindamise käsiraamat","https://www.sotsiaalkindlustusamet.ee/sites/default/files/documents/2025-11/k%C3%A4siraamat.pdf","LOCAL_FILE_EXISTS","C:\Users\rauds\Desktop\SotsiaalAI\docs\Andmebaas\RAG\master_sources_pdf\sotsiaalkindlustusamet_lapse_heaolu_hindamise_kasiraamat.pdf","source_id_sidecar","28d850ac84c92da4b66b3d99e081da69fafe0560a36f4831b9e394fa822e45bc","859212",""
"sotsiaalministeerium_puude_toetus_ja_lisa_toetus_2025_aastal","Puude-toetus ja lisa-toetus 2025. aastal","https://www.sm.ee/sites/default/files/documents/2024-12/puudetoetus%20ja%20lisatoetus%202025_KM.pdf","LOCAL_FILE_EXISTS","C:\Users\rauds\Desktop\SotsiaalAI\docs\Andmebaas\RAG\master_sources_pdf\sotsiaalministeerium_puude_toetus_ja_lisa_toetus_2025_aastal.pdf","source_id_sidecar","2b8263a5d8773ecb0c26ce4349e663454ea33cdc35b33d9dc5b1b5d1c1efda16","272329",""
"sotsiaalministeerium_ligipaasetavuse_kulu_tulu_analuus_lopparuanne","Ligipääsetavuse kulu-tulu analüüs. Lõpparuanne","https://www.sm.ee/sites/default/files/documents/2022-10/Ligip%C3%A4%C3%A4setavuse%20kulu-tulu%20anal%C3%BC%C3%BCs.%20L%C3%B5pparuanne_0.pdf","LOCAL_FILE_EXISTS","C:\Users\rauds\Desktop\SotsiaalAI\docs\Andmebaas\RAG\master_sources_pdf\sotsiaalministeerium_ligipaasetavuse_kulu_tulu_analuus_lopparuanne.pdf","source_id_sidecar","78c957e0215ecd471cecff3bb358794b2fcbb208e35281be1e87ceee15c16df0","3512675",""
"sotsiaalministeerium_transpordi_ja_tehiskeskkonna_ligipaasetavuse_analuus","Transpordi ja tehiskeskkonna ligipääsetavuse analüüs","https://www.sm.ee/sites/default/files/documents/2022-06/Transpordi%20ja%20tehiskeskkonna%20ligip%C3%A4%C3%A4setavuse%20anal%C3%BC%C3%BCs.pdf","LOCAL_FILE_EXISTS","C:\Users\rauds\Desktop\SotsiaalAI\docs\Andmebaas\RAG\master_sources_pdf\sotsiaalministeerium_transpordi_ja_tehiskeskkonna_ligipaasetavuse_analuus.pdf","source_id_sidecar","33dc6b4e2510637b8a3d03f71afe98eeca40d73f9f234aab37c49fa5f5d25371","9017892",""
"sotsiaalministeerium_sotsiaalhoolekande_programm_2024_2027","Sotsiaalhoolekande programm 2024–2027","https://www.sm.ee/sites/default/files/documents/2025-01/Sotsiaalhoolekande%20programm%202024-2027%20%281%29.pdf","LOCAL_FILE_EXISTS","C:\Users\rauds\Desktop\SotsiaalAI\docs\Andmebaas\RAG\master_sources_pdf\sotsiaalministeerium_sotsiaalhoolekande_programm_2024_2027.pdf","source_id_sidecar","0f594b033f006a832993f50cee5be180cf07f40af40ca6778fc80b740a350980","2671159",""
"sotsiaalministeerium_uuring_taisealiste_puudega_inimeste_puude_tuvastamise_abivaj","Uuring täisealiste puudega inimeste puude tuvastamise, abivajaduse hindamise ja toetamise süsteemist","https://www.sm.ee/sites/default/files/documents/2026-03/Puuetega%20inimeste%20uuringu%20l%C3%B5ppraport.pdf","LOCAL_FILE_EXISTS","C:\Users\rauds\Desktop\SotsiaalAI\docs\Andmebaas\RAG\master_sources_pdf\sotsiaalministeerium_uuring_taisealiste_puudega_inimeste_puude_tuvastamise_abivaj.pdf","source_id_sidecar","891cc5017e32622e567d306ef8dbe23961a249fb4b1f2fc939fa5d037eff99b1","6451507",""
"sotsiaalministeerium_soolise_vordoiguslikkuse_monitooring_2021_lahisuhtevagivald","Soolise võrdõiguslikkuse monitooring 2021: Lähisuhtevägivald","https://www.sm.ee/sites/default/files/documents/2022-12/SVM21.%20L%C3%A4hisuhtev%C3%A4givald.pdf","LOCAL_FILE_EXISTS","C:\Users\rauds\Desktop\SotsiaalAI\docs\Andmebaas\RAG\master_sources_pdf\sotsiaalministeerium_soolise_vordoiguslikkuse_monitooring_2021_lahisuhtevagivald.pdf","source_id_sidecar","60e78fe390a5175b0588041fbea632ac7936ea02fa23030f03c8315ce127dfe9","172752",""
"sotsiaalministeerium_inimkaubanduse_ennetamine_metodoloogia_tooks_noortega","Inimkaubanduse ennetamine: metodoloogia tööks noortega","https://sm.ee/sites/default/files/content-editors/eesmargid_ja_tegevused/Sooline_vordoiguslikkus/Inimkaubandus_ja_prostitusioon/inimkaubanduse_ennetamine_metodoloogia_tooks_noortega.pdf","LOCAL_FILE_EXISTS","C:\Users\rauds\Desktop\SotsiaalAI\docs\Andmebaas\RAG\master_sources_pdf\sotsiaalministeerium_inimkaubanduse_ennetamine_metodoloogia_tooks_noortega.pdf","source_id_sidecar","3323aae21484e15cc96d18657fba66ba23abe959ae9a97bca219f890447aaa22","4111252",""
"sotsiaalministeerium_inimkaubanduse_teemal_koolitamine_praktilised_soovitused","Inimkaubanduse teemal koolitamine: praktilised soovitused","https://www.sm.ee/sites/default/files/content-editors/eesmargid_ja_tegevused/Sooline_vordoiguslikkus/Inimkaubandus_ja_prostitusioon/inimkaubanduse_teemal_koolitamine.pdf","LOCAL_FILE_EXISTS","C:\Users\rauds\Desktop\SotsiaalAI\docs\Andmebaas\RAG\master_sources_pdf\sotsiaalministeerium_inimkaubanduse_teemal_koolitamine_praktilised_soovitused.pdf","source_id_sidecar","b97c3855db6ae053df4a38efb4a944d802f87f4ec18fb0688c6c2997efeeaf4d","380111",""
"sotsiaalministeerium_puuetega_inimeste_tootamist_toetavad_meetmed","Puuetega inimeste töötamist toetavad meetmed","https://www.sm.ee/sites/default/files/content-editors/Ministeerium_kontaktid/Uuringu_ja_analuusid/Sotsiaalvaldkond/pittm_1ja2etapp_kokku_2_.pdf","LOCAL_FILE_EXISTS","C:\Users\rauds\Desktop\SotsiaalAI\docs\Andmebaas\RAG\master_sources_pdf\sotsiaalministeerium_puuetega_inimeste_tootamist_toetavad_meetmed.pdf","source_id_sidecar","7ec7d369c62706857891c9be805ed882e3eccf254eb96809f55b5b1e3e093bd5","382247",""
"sotsiaalministeerium_puuetega_inimeste_ja_nende_pereliikmete_hoolduskoormuse_uuri","Puuetega inimeste ja nende pereliikmete hoolduskoormuse uuring 2009","https://www.sm.ee/sites/default/files/content-editors/Ministeerium_kontaktid/Uuringu_ja_analuusid/Sotsiaalvaldkond/piu2009_loppraport.pdf","LOCAL_FILE_EXISTS","C:\Users\rauds\Desktop\SotsiaalAI\docs\Andmebaas\RAG\master_sources_pdf\sotsiaalministeerium_puuetega_inimeste_ja_nende_pereliikmete_hoolduskoormuse_uuri.pdf","source_id_sidecar","ec1128b16060cab2ac9ca57a58c1161246075c5d7717bb803bd3b2491def4285","1267879",""
"sotsiaalministeerium_vagivald_ja_naiste_tervis","Vägivald ja naiste tervis","https://www.sm.ee/sites/default/files/content-editors/Ministeerium_kontaktid/Uuringu_ja_analuusid/Sotsiaalvaldkond/vagivald_ja_naiste_tervis_1_.pdf","LOCAL_FILE_EXISTS","C:\Users\rauds\Desktop\SotsiaalAI\docs\Andmebaas\RAG\master_sources_pdf\sotsiaalministeerium_vagivald_ja_naiste_tervis.pdf","source_id_sidecar","9daf55037c0f098e02c152246936d92b54849b1098cd9964d18b6c37cce02d51","726864",""
"sotsiaalministeerium_vagivalla_moju_naiste_tervisele","Vägivalla mõju naiste tervisele","https://www.sm.ee/sites/default/files/content-editors/Ministeerium_kontaktid/Uuringu_ja_analuusid/Sotsiaalvaldkond/meedikute_kysitlus_1_.pdf","LOCAL_FILE_EXISTS","C:\Users\rauds\Desktop\SotsiaalAI\docs\Andmebaas\RAG\master_sources_pdf\sotsiaalministeerium_vagivalla_moju_naiste_tervisele.pdf","source_id_sidecar","9e1759d62699d05b5a871da02d9cc074eaa81db86b964b88f9ecbce9fc0bc7ab","650861",""
"sotsiaalministeerium_vagivald_lahisuhtes_selle_pohjused_ja_voimalikud_lahendused","Vägivald lähisuhtes: selle põhjused ja võimalikud lahendused","https://www.sm.ee/sites/default/files/content-editors/Ministeerium_kontaktid/Uuringu_ja_analuusid/Sotsiaalvaldkond/allaste_vagivald_lahisuhtes_biin_retsensioon_1_.pdf","LOCAL_FILE_EXISTS","C:\Users\rauds\Desktop\SotsiaalAI\docs\Andmebaas\RAG\master_sources_pdf\sotsiaalministeerium_vagivald_lahisuhtes_selle_pohjused_ja_voimalikud_lahendused.pdf","source_id_sidecar","fb1656c3ce88830ed3d409335332dbc33310e5a409bcb4c30999c86f71320ed6","507019",""
"sotsiaalministeerium_seksuaalvagivalla_levimus_ja_hoiakud_eestis","Seksuaalvägivalla levimus ja hoiakud Eestis","https://www.sm.ee/sites/default/files/content-editors/eesmargid_ja_tegevused/Norra_toetused/Koduse_ja_soopohise_vagivalla_vahendamise_programm/sv_levimus_ja_hoiakud_eestis.pdf","LOCAL_FILE_EXISTS","C:\Users\rauds\Desktop\SotsiaalAI\docs\Andmebaas\RAG\master_sources_pdf\sotsiaalministeerium_seksuaalvagivalla_levimus_ja_hoiakud_eestis.pdf","source_id_sidecar","ba330936f1c71b89d293e44462c5080984717cfd1af66ba4e6ed5d3918921555","1957495",""
"epikoda_uro_puuetega_inimeste_oiguste_konventsioon_ja_fakultatiivpro","ÜRO puuetega inimeste õiguste konventsioon ja fakultatiivprotokoll","https://epikoda.ee/wp-content/uploads/2025/09/raamat_veeb.pdf","LOCAL_FILE_EXISTS","C:\Users\rauds\Desktop\SotsiaalAI\docs\Andmebaas\RAG\master_sources_pdf\epikoda_uro_puuetega_inimeste_oiguste_konventsioon_ja_fakultatiivpro.pdf","source_id_sidecar","99e3c82de465076708a65b6c31e74f051046023137a9f07c6a0c3c44bdd0a1eb","1971175",""
"epikoda_teekond_erilise_lapse_korval","Teekond erilise lapse kõrval","https://epikoda.ee/wp-content/uploads/2025/09/epik_kasiraamat_2019-est-koos-low.pdf","LOCAL_FILE_EXISTS","C:\Users\rauds\Desktop\SotsiaalAI\docs\Andmebaas\RAG\master_sources_pdf\epikoda_teekond_erilise_lapse_korval.pdf","source_id_sidecar","b68defe06c878647094a4a3f417301edacf0e8e27ea64daefe36c2ec27551ba6","4312621",""
"epikoda_epikoja_arengukava_2025_2030","EPIKoja arengukava 2025–2030","https://epikoda.ee/wp-content/uploads/2025/09/EPIKoja-arengukava-2025-2030.pdf","LOCAL_FILE_EXISTS","C:\Users\rauds\Desktop\SotsiaalAI\docs\Andmebaas\RAG\master_sources_pdf\epikoda_epikoja_arengukava_2025_2030.pdf","source_id_sidecar","e3d7e30a0b5672b02f35241a9616158f54d61f0bdcad4052a74bb59665450f60","1696088",""
"epikoda_giidi_too_kasiraamat_pohimotted_ja_soovitused","Giidi töö käsiraamat – põhimõtted ja soovitused","https://epikoda.ee/wp-content/uploads/2026/04/Giidi-too-kasiraamat-%E2%80%93pohimotted-ja-soovitused-2025.pdf","LOCAL_FILE_EXISTS","C:\Users\rauds\Desktop\SotsiaalAI\docs\Andmebaas\RAG\master_sources_pdf\epikoda_giidi_too_kasiraamat_pohimotted_ja_soovitused.pdf","source_id_sidecar","06e81616249d8a141f7071295550cdba839da5130b8ed209b0f7462aaebf48ec","6488338",""
"epikoda_heade_praktikate_kogumik","Heade praktikate kogumik","https://epikoda.ee/wp-content/uploads/2025/09/Heade_praktikate_kogumikEPIK2012.pdf","LOCAL_FILE_EXISTS","C:\Users\rauds\Desktop\SotsiaalAI\docs\Andmebaas\RAG\master_sources_pdf\epikoda_heade_praktikate_kogumik.pdf","source_id_sidecar","6038f88a7e3256e3a98e2321127e4404ca4391e6d1e0fe7859340bbfe2f331da","1705667",""
"epikoda_puudega_inimeste_toimetulek_kriisiajal_miniuuringu_kokkuvote","Puudega inimeste toimetulek kriisiajal – miniuuringu kokkuvõte","https://epikoda.ee/wp-content/uploads/2025/09/epikoja-miniuuringu-kokkuvote-september-2020.pdf","LOCAL_FILE_EXISTS","C:\Users\rauds\Desktop\SotsiaalAI\docs\Andmebaas\RAG\master_sources_pdf\epikoda_puudega_inimeste_toimetulek_kriisiajal_miniuuringu_kokkuvote.pdf","source_id_sidecar","dd3bd44e9051fede91114ee64b4d7510f71ea3b0c3a3bd0e2ede8809c2df48ab","484838",""
"astangu_erivajaduste_alase_teadlikkuse_tostmine","Erivajaduste alase teadlikkuse tõstmine","https://www.astangu.ee/sites/default/files/media/To%CC%88o%CC%88vahend_2_moodul_1_Erivajaduste_alase_teadlikkuse_to%CC%83stmine.pdf","LOCAL_FILE_EXISTS","C:\Users\rauds\Desktop\SotsiaalAI\docs\Andmebaas\RAG\master_sources_pdf\astangu_erivajaduste_alase_teadlikkuse_tostmine.pdf","source_id_sidecar","bcafc7d41fe377d12ebaab46ca8da1f51145f1a4e10d33ac4067e74ea685615b","1433965",""
"astangu_metoodiline_abimaterjal_kutsealase_ettevalmistuse_valjaoppe_","Metoodiline abimaterjal kutsealase ettevalmistuse, väljaõppe ja töölerakendumise toetamiseks coaching’u kaudu","https://www.astangu.ee/sites/default/files/media/To%CC%88o%CC%88vahend_3___Va%CC%88ljao%CC%83pe_ja_to%CC%88o%CC%88lerakendumine_la%CC%88bi_coachingu.pdf","LOCAL_FILE_EXISTS","C:\Users\rauds\Desktop\SotsiaalAI\docs\Andmebaas\RAG\master_sources_pdf\astangu_metoodiline_abimaterjal_kutsealase_ettevalmistuse_valjaoppe_.pdf","source_id_sidecar","fbeef7f4b61dd477be1b46176b5fcd29f062c51b8b3834923b1786af16ab5c8b","1053732",""
"astangu_tooandjate_noustamine_ja_toetamine","Tööandjate nõustamine ja toetamine","https://www.astangu.ee/sites/default/files/media/To%CC%88o%CC%88vahend_6_Moodul_2_To%CC%88o%CC%88andjate_no%CC%83ustamine_ja_toetamine.pdf","LOCAL_FILE_EXISTS","C:\Users\rauds\Desktop\SotsiaalAI\docs\Andmebaas\RAG\master_sources_pdf\astangu_tooandjate_noustamine_ja_toetamine.pdf","source_id_sidecar","6d7f1377093a963d9b4205c47d7a66bbd86a395c577fd9e347555551fb913c87","792994",""
"astangu_kriisi_ennetamine","Kriisi ennetamine","https://www.astangu.ee/sites/default/files/media/To%CC%88o%CC%88vahend_5_Moodul-1-Kriisi_ennetamine.pdf","LOCAL_FILE_EXISTS","C:\Users\rauds\Desktop\SotsiaalAI\docs\Andmebaas\RAG\master_sources_pdf\astangu_kriisi_ennetamine.pdf","source_id_sidecar","e8238f5e40f494a22358a2024997b6dcf6194d997711f4676ee0012c226b2204","792746",""
"astangu_supervisioon","Supervisioon","https://www.astangu.ee/sites/default/files/media/To%CC%88o%CC%88vahend_4_moodul_1_Supervisioon.pdf","LOCAL_FILE_EXISTS","C:\Users\rauds\Desktop\SotsiaalAI\docs\Andmebaas\RAG\master_sources_pdf\astangu_supervisioon.pdf","source_id_sidecar","138cc8526a9cf76b06fc1512cd1573909c8d20c98e03b01f80ffe78fc9880579","997965",""
"astangu_hindamisvahendi_kasiraamat","Hindamisvahendi käsiraamat","https://www.astangu.ee/sites/default/files/media/Hindamisvahendi%20k%C3%A4siraamat.pdf","LOCAL_FILE_EXISTS","C:\Users\rauds\Desktop\SotsiaalAI\docs\Andmebaas\RAG\master_sources_pdf\astangu_hindamisvahendi_kasiraamat.pdf","source_id_sidecar","ea73380b77bf909a74cad63d3051bd7ffb90c4ccb054305991004b4645f218de","3621477",""
"astangu_harjutuste_kogu","Harjutuste kogu","https://www.astangu.ee/sites/default/files/media/Harjutuste%20kogu.pdf","LOCAL_FILE_EXISTS","C:\Users\rauds\Desktop\SotsiaalAI\docs\Andmebaas\RAG\master_sources_pdf\astangu_harjutuste_kogu.pdf","source_id_sidecar","f1a163a70058234bffe61ab2947a02803bdbd9b470a5e211e2a01488685f0b81","2718447",""
"lastekaitse_liit_lapse_osalusoiguse_rakendamise_juhend","Lapse osalusõiguse rakendamise juhend","https://www.lastekaitseliit.ee/wp-content/uploads/2025/05/Lapse_osalusoiguse_rakendamise_juhend_2025.pdf","LOCAL_FILE_EXISTS","C:\Users\rauds\Desktop\SotsiaalAI\docs\Andmebaas\RAG\master_sources_pdf\lastekaitse_liit_lapse_osalusoiguse_rakendamise_juhend.pdf","source_id_sidecar","a912217c46a2d21b873afb851ac7271c2832bbd3293820b132c4f3c53e046043","1074427",""
"lastekaitse_liit_lapse_osalemise_pohimotted","Lapse osalemise põhimõtted","https://www.lastekaitseliit.ee/wp-content/uploads/2025/05/Lapse-osalemise-pohimotted-A1_5mm-bleed.pdf","LOCAL_FILE_EXISTS","C:\Users\rauds\Desktop\SotsiaalAI\docs\Andmebaas\RAG\master_sources_pdf\lastekaitse_liit_lapse_osalemise_pohimotted.pdf","source_id_sidecar","ca7a80e2f2f66ca7ec3f1941a53d6dd4e7bc411f979ee7ae1b5056864002ea66","5740444",""
"lastekaitse_liit_mul_on_oigus_2025","Mul on õigus 2025","https://www.lastekaitseliit.ee/wp-content/uploads/2025/01/Mul-on-oigus-2025.pdf","LOCAL_FILE_EXISTS","C:\Users\rauds\Desktop\SotsiaalAI\docs\Andmebaas\RAG\master_sources_pdf\lastekaitse_liit_mul_on_oigus_2025.pdf","source_id_sidecar","1a62155db4ccad2952c581c88e1f0968d0ad4f9795982993a09b3d2e8db8f985","2260808",""
"lastekaitse_liit_mina_olen_enda_oma_juhendmaterjal_opetajale_ja_lapsevanemale","“Mina olen enda oma” juhendmaterjal õpetajale ja lapsevanemale","https://www.lastekaitseliit.ee/raamat/mina-olen-enda-oma/assets/download/juhendmaterial.pdf","LOCAL_FILE_EXISTS","C:\Users\rauds\Desktop\SotsiaalAI\docs\Andmebaas\RAG\master_sources_pdf\lastekaitse_liit_mina_olen_enda_oma_juhendmaterjal_opetajale_ja_lapsevanemale.pdf","source_id_sidecar","3407a555891615835cca88480b79f1aa8a255d97e3d5339108dfa72900c7cfb5","2123334",""
"lastekaitse_liit_uuring_lapse_heaolu_hindamine","Uuring “Lapse heaolu hindamine”","https://www.lastekaitseliit.ee/wp-content/uploads/2011/04/Uuring-Lapse-heaolu-hindamine.pdf","LOCAL_FILE_EXISTS","C:\Users\rauds\Desktop\SotsiaalAI\docs\Andmebaas\RAG\master_sources_pdf\lastekaitse_liit_uuring_lapse_heaolu_hindamine.pdf","source_id_sidecar","cffa1512b4ff14863596851d9a0e3d86e65c5d33bd61ab5be9564d7448f48042","391508",""
"peaasi_raagime_lastest_logiraamat_vanematele_lapseootel_pere","Räägime Lastest logiraamat vanematele: lapseootel pere","https://peaasi.ee/wp-content/uploads/2026/02/1.-Logiraamat-vanematele_lapseootel-pere-TAIDETAV.pdf","LOCAL_FILE_EXISTS","C:\Users\rauds\Desktop\SotsiaalAI\docs\Andmebaas\RAG\master_sources_pdf\peaasi_raagime_lastest_logiraamat_vanematele_lapseootel_pere.pdf","source_id_sidecar","a94fb4c51c3e66c28fce0b47eaae55b0f5c90588e9ee4c0eb6ac8914990cdb89","1405439",""
"peaasi_raagime_lastest_logiraamat_vanematele_0_1_aastane_laps","Räägime Lastest logiraamat vanematele: 0–1-aastane laps","https://peaasi.ee/wp-content/uploads/2026/02/2.-Logiraamat-vanematele_0-1-aastane-laps-TAIDETAV.pdf","LOCAL_FILE_EXISTS","C:\Users\rauds\Desktop\SotsiaalAI\docs\Andmebaas\RAG\master_sources_pdf\peaasi_raagime_lastest_logiraamat_vanematele_0_1_aastane_laps.pdf","source_id_sidecar","9e5cba381b196b686ca7ea0a28c30160b3e2cb877c33e3e98e4298ff91f76c71","3248378",""
"peaasi_raagime_lastest_logiraamat_vanematele_1_5_aastane_laps","Räägime Lastest logiraamat vanematele: 1–5-aastane laps","https://peaasi.ee/wp-content/uploads/2026/02/3.-Logiraamat-vanematele_1-5-aastane-laps-TAIDETAV.pdf","LOCAL_FILE_EXISTS","C:\Users\rauds\Desktop\SotsiaalAI\docs\Andmebaas\RAG\master_sources_pdf\peaasi_raagime_lastest_logiraamat_vanematele_1_5_aastane_laps.pdf","source_id_sidecar","6c4781ee5960b116bebaddc21c57fca7ff22c45e830a26bd9a81cefd1f73d672","2004460",""
"peaasi_raagime_lastest_logiraamat_vanematele_5_12_aastane_laps","Räägime Lastest logiraamat vanematele: 5–12-aastane laps","https://peaasi.ee/wp-content/uploads/2026/02/4.-Logiraamat-vanematele_5-12-aastane-laps-TAIDETAV.pdf","LOCAL_FILE_EXISTS","C:\Users\rauds\Desktop\SotsiaalAI\docs\Andmebaas\RAG\master_sources_pdf\peaasi_raagime_lastest_logiraamat_vanematele_5_12_aastane_laps.pdf","source_id_sidecar","ca3d30e2a1122722a7ac03d20186c58f45ce88e312008a4be3103873624faed0","2494348",""
"peaasi_raagime_lastest_logiraamat_vanematele_12_18_aastane_noor","Räägime Lastest logiraamat vanematele: 12–18-aastane noor","https://peaasi.ee/wp-content/uploads/2026/02/5.-Logiraamat-vanematele_12-18-aastane-laps-TAIDETAV.pdf","LOCAL_FILE_EXISTS","C:\Users\rauds\Desktop\SotsiaalAI\docs\Andmebaas\RAG\master_sources_pdf\peaasi_raagime_lastest_logiraamat_vanematele_12_18_aastane_noor.pdf","source_id_sidecar","7d5433b126598f00dcc25b1e0ecf69829baa826d25c89e3e82a5b00965d9318a","3581405",""
"peaasi_raagime_lastest_logiraamat_tooks_peredega_0_1_aastane_laps","Räägime Lastest logiraamat tööks peredega: 0–1-aastane laps","https://peaasi.ee/wp-content/uploads/2026/02/7.-Logiraamat-spetsialistile_0-1-aastane-laps-TAIDETAV.pdf","LOCAL_FILE_EXISTS","C:\Users\rauds\Desktop\SotsiaalAI\docs\Andmebaas\RAG\master_sources_pdf\peaasi_raagime_lastest_logiraamat_tooks_peredega_0_1_aastane_laps.pdf","source_id_sidecar","db5b37e72d1b7a2843287b3499e83d331ded97b51f1b1fd90f6fec314a554256","1583342",""
"peaasi_raagime_lastest_logiraamat_tooks_peredega_1_5_aastane_laps","Räägime Lastest logiraamat tööks peredega: 1–5-aastane laps","https://peaasi.ee/wp-content/uploads/2025/10/8.-Logiraamat-spetsialistile_1%E2%80%935-aastane-laps.pdf","LOCAL_FILE_EXISTS","C:\Users\rauds\Desktop\SotsiaalAI\docs\Andmebaas\RAG\master_sources_pdf\peaasi_raagime_lastest_logiraamat_tooks_peredega_1_5_aastane_laps.pdf","source_id_sidecar","14e6f99d883c431c7ed94227954c1547f27bfab19876e626c337226ef72c3a8a","1258284",""
"peaasi_raagime_lastest_logiraamat_tooks_peredega_5_12_aastane_laps","Räägime Lastest logiraamat tööks peredega: 5–12-aastane laps","https://peaasi.ee/wp-content/uploads/2026/02/9.-Logiraamat-spetsialistile_5%E2%80%9312-aastane-laps-TAIDETAV.pdf","LOCAL_FILE_EXISTS","C:\Users\rauds\Desktop\SotsiaalAI\docs\Andmebaas\RAG\master_sources_pdf\peaasi_raagime_lastest_logiraamat_tooks_peredega_5_12_aastane_laps.pdf","source_id_sidecar","953fb2a3e5cfee0836b353f5c74781255a578661a71bc1dab6617c4074c1bd39","1079437",""
"peaasi_raagime_lastest_praktikutele_1_5_aastaste_lastega_perede_nou","Räägime Lastest praktikutele: 1–5-aastaste lastega perede nõustamiseks","https://peaasi.ee/wp-content/uploads/2024/08/8.-Logiraamat-praktikutele-vanus-1-5.docx.pdf","LOCAL_FILE_EXISTS","C:\Users\rauds\Desktop\SotsiaalAI\docs\Andmebaas\RAG\master_sources_pdf\peaasi_raagime_lastest_praktikutele_1_5_aastaste_lastega_perede_nou.pdf","source_id_sidecar","25bd9ecad9aa05ba982a403e739bcd5f19f31ef50cf157308826fc94229b68b4","1874144",""
"peaasi_raagime_lastest_praktikutele_12_18_aastaste_lastega_perede_n","Räägime Lastest praktikutele: 12–18-aastaste lastega perede nõustamiseks","https://peaasi.ee/wp-content/uploads/2024/08/10.-Logiraamat-praktikutele-vanus-12-18.docx.pdf","LOCAL_FILE_EXISTS","C:\Users\rauds\Desktop\SotsiaalAI\docs\Andmebaas\RAG\master_sources_pdf\peaasi_raagime_lastest_praktikutele_12_18_aastaste_lastega_perede_n.pdf","source_id_sidecar","4e403ff0dfc6db6129a75885aa9ac8351554dce7239beb35b14d720cf6b9ee90","2021644",""
"tarkvanem_tooleht_suhtekonto","TÖÖLEHT: Suhtekonto","https://tarkvanem.ee/wp-content/uploads/2023/11/Suhtekonto_tooleht.pdf","LOCAL_FILE_EXISTS","C:\Users\rauds\Desktop\SotsiaalAI\docs\Andmebaas\RAG\master_sources_pdf\tarkvanem_tooleht_suhtekonto.pdf","source_id_sidecar","dde3f058a75ec663d1f322e0c2bd04855c149ce26e9810eb4435a3ac9c8735e7","282507",""
"tarkvanem_tooleht_rahunemispaus","TÖÖLEHT: Rahunemispaus","https://tarkvanem.ee/wp-content/uploads/2022/12/Tooleht_rahunemispaus.pdf","LOCAL_FILE_EXISTS","C:\Users\rauds\Desktop\SotsiaalAI\docs\Andmebaas\RAG\master_sources_pdf\tarkvanem_tooleht_rahunemispaus.pdf","source_id_sidecar","5ad051c5e5dbee8694f6d9fa6c4b97889c2f33519fffaed6d618bdcbe3982674","2026443",""
"tarkvanem_tooleht_kuidas_anda_lapsele_korraldusi","TÖÖLEHT: Kuidas anda lapsele korraldusi?","https://tarkvanem.ee/wp-content/uploads/2018/05/Tark_Vanem_tooleht_kuidas_anda_lapsele_korraldusi.pdf","LOCAL_FILE_EXISTS","C:\Users\rauds\Desktop\SotsiaalAI\docs\Andmebaas\RAG\master_sources_pdf\tarkvanem_tooleht_kuidas_anda_lapsele_korraldusi.pdf","source_id_sidecar","001b2e9c089e70de4f209914c7d3315ce2d60cd84260e56b2ff777bdebd31c96","117821",""
"tarkvanem_infomaterjal_beebivanematele_kodu_kohandamiseks_lapse_esimes","Infomaterjal beebivanematele kodu kohandamiseks lapse esimesel eluaastal","https://tarkvanem.ee/wp-content/uploads/2023/10/infomaterjal-beebivanematele-kodu-kohandamiseks-lapse-esimesel-eluaastal.pdf","LOCAL_FILE_EXISTS","C:\Users\rauds\Desktop\SotsiaalAI\docs\Andmebaas\RAG\master_sources_pdf\tarkvanem_infomaterjal_beebivanematele_kodu_kohandamiseks_lapse_esimes.pdf","source_id_sidecar","b4e936ef149255e9c59273ae83920994472b8187f59c408922212587e05b55fd","2130512",""
"tarkvanem_vaikelastega_perede_koduohutuse_hindamise_ankeet_kodukulastu","Väikelastega perede koduohutuse hindamise ankeet kodukülastusi läbiviivale spetsialistile","https://tarkvanem.ee/wp-content/uploads/2023/10/2023-vaikelaste-koduohutuse-hindmise-ankeet-kodukulastusi-labiviivale-spetsialistile.pdf","LOCAL_FILE_EXISTS","C:\Users\rauds\Desktop\SotsiaalAI\docs\Andmebaas\RAG\master_sources_pdf\tarkvanem_vaikelastega_perede_koduohutuse_hindamise_ankeet_kodukulastu.pdf","source_id_sidecar","43627e57421fd8bc35c00f806a1a997e5af398a9a8783f5cc14235029e518c25","128005",""
"tarkvanem_kuidas_margata_et_noor_tarvitab_e_sigaretti_nikotiinipatja_v","Kuidas märgata, et noor tarvitab e-sigaretti, nikotiinipatja või huuletubakat?","https://tarkvanem.ee/wp-content/uploads/2023/08/TAI_Kuidas_margata_e-sigareti_tarvitamist_lapsevanemad.pdf","LOCAL_FILE_EXISTS","C:\Users\rauds\Desktop\SotsiaalAI\docs\Andmebaas\RAG\master_sources_pdf\tarkvanem_kuidas_margata_et_noor_tarvitab_e_sigaretti_nikotiinipatja_v.pdf","source_id_sidecar","180353ed44482677514d203d3da716abc2bf446772b28e2b9d7f0bc1a0f1af63","431614",""
"tarkvanem_sunnitusjargne_depressioon","Sünnitusjärgne depressioon","https://tarkvanem.ee/wp-content/uploads/2023/01/Sunnitusjargne_depressioon_Gerli_Rand_voldik_99x210_veebi.pdf","LOCAL_FILE_EXISTS","C:\Users\rauds\Desktop\SotsiaalAI\docs\Andmebaas\RAG\master_sources_pdf\tarkvanem_sunnitusjargne_depressioon.pdf","source_id_sidecar","0fdb50283bb0b819912df32c4dddf68e9fe82dbf5bb01d89ebab7f060e184e5b","208710",""
"tarkvanem_tooleht_kuidas_sa_ennast_tunned","TÖÖLEHT: Kuidas sa ennast tunned?","https://tarkvanem.ee/wp-content/uploads/2018/05/Tark_Vanem_tooleht_kuidas_sa_ennast_tunned.pdf","LOCAL_FILE_EXISTS","C:\Users\rauds\Desktop\SotsiaalAI\docs\Andmebaas\RAG\master_sources_pdf\tarkvanem_tooleht_kuidas_sa_ennast_tunned.pdf","source_id_sidecar","b016a8aea839b9065701820dc6fae5246e186a890bc4da29bc9abd12d4bd2583","108808",""
"tarkvanem_tooleht_lapse_tunnustamine","TÖÖLEHT: Lapse tunnustamine","https://tarkvanem.ee/wp-content/uploads/2018/05/Tark_Vanem_tooleht_lapse_tunnustamine.pdf","LOCAL_FILE_EXISTS","C:\Users\rauds\Desktop\SotsiaalAI\docs\Andmebaas\RAG\master_sources_pdf\tarkvanem_tooleht_lapse_tunnustamine.pdf","source_id_sidecar","0cabdfea2d46093e962149cf2909c07a2f2f9833baa9eb3293558006dfbcd201","112985",""
"tarkvanem_tooleht_marka_ja_tunnusta_positiivset_kaitumist","TÖÖLEHT: Märka ja tunnusta positiivset käitumist","https://tarkvanem.ee/wp-content/uploads/2018/05/Tark_Vanem_tooleht_marka_ja_tunnusta_positiivset_kaitumist.pdf","LOCAL_FILE_EXISTS","C:\Users\rauds\Desktop\SotsiaalAI\docs\Andmebaas\RAG\master_sources_pdf\tarkvanem_tooleht_marka_ja_tunnusta_positiivset_kaitumist.pdf","source_id_sidecar","61bc3ecead69d22bbc40b739d0297bf06ab2da1d224fae2efb382ddee131f0a4","115474",""
"tarkvanem_tooleht_tugevate_tunnetega_toimetulek","TÖÖLEHT: Tugevate tunnetega toimetulek","https://tarkvanem.ee/wp-content/uploads/2018/05/Tark_Vanem_tooleht_tugevate_tunnetega_toimetulek.pdf","LOCAL_FILE_EXISTS","C:\Users\rauds\Desktop\SotsiaalAI\docs\Andmebaas\RAG\master_sources_pdf\tarkvanem_tooleht_tugevate_tunnetega_toimetulek.pdf","source_id_sidecar","15b4fd3c9a68ffba48f4206243bf24f1802f8c0a4652bd45b6f3f3d5b83df3a4","117246",""
"tarkvanem_tooleht_abikusimused_vestluseks_lasteaialapsega","TÖÖLEHT: Abiküsimused vestluseks lasteaialapsega","https://tarkvanem.ee/wp-content/uploads/2018/05/Tark_Vanem_tooleht_abikysimused_vestluseks_lasteaialapsega.pdf","LOCAL_FILE_EXISTS","C:\Users\rauds\Desktop\SotsiaalAI\docs\Andmebaas\RAG\master_sources_pdf\tarkvanem_tooleht_abikusimused_vestluseks_lasteaialapsega.pdf","source_id_sidecar","73bcc8e03aaeaaccfd517aaabb40018b38d58b5539a3f47a34659d4e3e56c1c7","104254",""
"tarkvanem_tooleht_abikusimused_vestluseks_algkoolilapsega","TÖÖLEHT: Abiküsimused vestluseks algkoolilapsega","https://tarkvanem.ee/wp-content/uploads/2018/05/Tark_Vanem_tooleht_abikysimused_vestluseks_algkoolilapsega.pdf","LOCAL_FILE_EXISTS","C:\Users\rauds\Desktop\SotsiaalAI\docs\Andmebaas\RAG\master_sources_pdf\tarkvanem_tooleht_abikusimused_vestluseks_algkoolilapsega.pdf","source_id_sidecar","e45924e05c1c71324f8def556ba3fe5db00e93a6baceb4fd05698e3dca0319a2","104285",""
"tarkvanem_tooleht_abikusimused_vestluseks_teismelisega","TÖÖLEHT: Abiküsimused vestluseks teismelisega","https://tarkvanem.ee/wp-content/uploads/2018/05/Tark_Vanem_tooleht_abikysimused_vestluseks_teismelisega.pdf","LOCAL_FILE_EXISTS","C:\Users\rauds\Desktop\SotsiaalAI\docs\Andmebaas\RAG\master_sources_pdf\tarkvanem_tooleht_abikusimused_vestluseks_teismelisega.pdf","source_id_sidecar","0535e616cc7a690f24eb0e8f11cd4de8de27dc29a1c3c07fa11edb7977b4f43d","104343",""
